id;parcela;syst;especie;abundancia;flowering_indicator;month
angela;1;AFS;Annona_muc;9;0;Apr
angela;4;AFS;Annona_muc;1;0;Apr
gaucho;1;AFS;Annona_muc;4;0;Apr
gaucho;3;AFS;Annona_muc;1;0;Apr
ataliba;1;AFS;Artocarpus_het;1;0;Apr
ataliba;2;AFS;Artocarpus_het;2;0;Apr
ataliba;3;AFS;Artocarpus_het;3;0;Apr
ataliba;4;AFS;Artocarpus_het;2;0;Apr
cecilia_g;1;AFS;Artocarpus_het;1;0;Apr
cecilia_g;3;AFS;Artocarpus_het;1;0;Apr
angela;1;AFS;Bactris_gas;9;0;Apr
angela;2;AFS;Bactris_gas;9;0;Apr
angela;3;AFS;Bactris_gas;5;0;Apr
angela;4;AFS;Bactris_gas;2;0;Apr
ataliba;1;AFS;Bactris_gas;4;0;Apr
ataliba;3;AFS;Bactris_gas;1;0;Apr
ataliba;4;AFS;Bactris_gas;3;0;Apr
cecilia_g;2;AFS;Bactris_gas;2;0;Apr
cecilia_g;3;AFS;Bactris_gas;1;0;Apr
cecilia_g;4;AFS;Bactris_gas;2;0;Apr
joao;1;AFS;Bactris_gas;3;0;Apr
joao;2;AFS;Bactris_gas;7;0;Apr
joao;3;AFS;Bactris_gas;8;0;Apr
joao;4;AFS;Bactris_gas;2;0;Apr
neinha;1;AFS;Bactris_gas;3;0;Apr
neinha;2;AFS;Bactris_gas;1;0;Apr
neinha;3;AFS;Bactris_gas;12;0;Apr
neinha;4;AFS;Bactris_gas;3;0;Apr
joao;1;AFS;Cecropia_hol;2;1;Apr
joao;3;AFS;Cecropia_hol;1;1;Apr
joao;4;AFS;Cecropia_hol;1;1;Apr
neinha;3;AFS;Cecropia_hol;1;1;Apr
neinha;4;AFS;Cecropia_hol;2;1;Apr
são_joao;2;RES;Ceiba_spe;1;1;Apr
cecilia;1;AFS;Citrus_ret;3;1;Apr
cecilia;2;AFS;Citrus_ret;5;1;Apr
cecilia;3;AFS;Citrus_ret;7;1;Apr
cecilia;1;AFS;Citrus_sin;6;0;Apr
cecilia;4;AFS;Citrus_sin;5;0;Apr
são_joao;3;RES;Clitoria_fai;1;0;Apr
neinha;1;AFS;Cocos_nuc;1;1;Apr
neinha;2;AFS;Cocos_nuc;2;1;Apr
joao;1;AFS;Cupania_ver;3;0;Apr
joao;2;AFS;Cupania_ver;2;0;Apr
joao;3;AFS;Cupania_ver;2;0;Apr
joao;4;AFS;Cupania_ver;2;0;Apr
neinha;3;AFS;Cupania_ver;2;0;Apr
neinha;4;AFS;Cupania_ver;2;0;Apr
ataliba;1;AFS;Euterpe_edu;1;0;Apr
ataliba;2;AFS;Euterpe_edu;4;0;Apr
ataliba;3;AFS;Euterpe_edu;1;0;Apr
ataliba;2;AFS;guarea_gui;4;0;Apr
ataliba;3;AFS;guarea_gui;1;0;Apr
ataliba;4;AFS;guarea_gui;1;0;Apr
poco_12;1;RES;guarea_gui;7;0;Apr
poco_12;2;RES;guarea_gui;3;0;Apr
poco_12;3;RES;guarea_gui;6;0;Apr
poco_12;4;RES;guarea_gui;7;0;Apr
vendaval;4;RES;guarea_gui;3;0;Apr
angela;1;AFS;Inga_edu;7;0;Apr
angela;2;AFS;Inga_edu;5;0;Apr
angela;3;AFS;Inga_edu;1;0;Apr
angela;4;AFS;Inga_edu;1;0;Apr
cecilia;1;AFS;Inga_edu;5;0;Apr
cecilia;2;AFS;Inga_edu;4;0;Apr
cecilia;3;AFS;Inga_edu;2;0;Apr
cecilia;4;AFS;Inga_edu;4;0;Apr
cecilia;5;AFS;Inga_edu;3;0;Apr
cecilia;6;AFS;Inga_edu;4;0;Apr
mico;2;RES;Inga_edu;2;0;Apr
mico;4;RES;Inga_edu;1;0;Apr
vendaval;1;RES;Inga_edu;1;0;Apr
vendaval;2;RES;Inga_edu;4;0;Apr
vendaval;3;RES;Inga_edu;1;0;Apr
vendaval;4;RES;Inga_edu;1;0;Apr
ataliba;1;AFS;Inga_lau;2;1;Apr
ataliba;2;AFS;Inga_lau;1;1;Apr
ataliba;3;AFS;Inga_lau;1;1;Apr
ataliba;4;AFS;Inga_lau;1;1;Apr
cecilia;3;AFS;Inga_lau;3;1;Apr
cecilia;4;AFS;Inga_lau;1;1;Apr
cecilia;5;AFS;Inga_lau;1;1;Apr
gaucho;2;AFS;Inga_lau;1;1;Apr
gaucho;3;AFS;Inga_lau;1;1;Apr
gaucho;4;AFS;Inga_lau;5;1;Apr
graca;4;AFS;Inga_lau;1;1;Apr
vendaval;1;RES;Inga_lau;2;1;Apr
vendaval;2;RES;Inga_lau;4;1;Apr
vendaval;3;RES;Inga_lau;2;1;Apr
vendaval;4;RES;Inga_lau;1;1;Apr
cecilia;1;AFS;Inga_ver;4;1;Apr
cecilia;2;AFS;Inga_ver;2;1;Apr
cecilia;3;AFS;Inga_ver;3;1;Apr
cecilia;4;AFS;Inga_ver;3;1;Apr
cecilia;5;AFS;Inga_ver;2;1;Apr
cecilia;6;AFS;Inga_ver;2;1;Apr
cecilia_g;1;AFS;Inga_ver;1;1;Apr
cecilia_g;2;AFS;Inga_ver;4;1;Apr
cecilia_g;3;AFS;Inga_ver;3;1;Apr
joao;1;AFS;Luehea_div;1;1;Apr
joao;2;AFS;Luehea_div;2;1;Apr
poco_13;3;RES;Luehea_div;1;1;Apr
poco_13;4;RES;Luehea_div;2;1;Apr
ataliba;1;AFS;Mangifera_ind;3;0;Apr
ataliba;2;AFS;Mangifera_ind;2;0;Apr
ataliba;4;AFS;Mangifera_ind;1;0;Apr
neinha;1;AFS;Mangifera_ind;1;0;Apr
neinha;2;AFS;Miconia_pra;6;0;Apr
neinha;3;AFS;Miconia_pra;6;0;Apr
neinha;4;AFS;Miconia_pra;4;0;Apr
angela;1;AFS;Musa_par;3;1;Apr
angela;2;AFS;Musa_par;4;1;Apr
angela;4;AFS;Musa_par;6;1;Apr
ataliba;1;AFS;Musa_par;1;1;Apr
ataliba;3;AFS;Musa_par;4;1;Apr
cecilia;1;AFS;Musa_par;1;1;Apr
cecilia;2;AFS;Musa_par;4;1;Apr
cecilia;3;AFS;Musa_par;3;1;Apr
cecilia;4;AFS;Musa_par;4;1;Apr
cecilia;5;AFS;Musa_par;3;1;Apr
cecilia;6;AFS;Musa_par;8;1;Apr
cecilia_g;1;AFS;Musa_par;3;1;Apr
cecilia_g;3;AFS;Musa_par;3;1;Apr
cecilia_g;4;AFS;Musa_par;1;1;Apr
graca;2;AFS;Musa_par;2;1;Apr
graca;3;AFS;Musa_par;2;1;Apr
bom_retiro;1;RES;Myrciaria_ten;1;0;Apr
bom_retiro;2;RES;Myrciaria_ten;2;0;Apr
bom_retiro;3;RES;Myrciaria_ten;1;0;Apr
bom_retiro;4;RES;Myrciaria_ten;1;0;Apr
bom_retiro;1;RES;Ocotea_lax ;8;0;Apr
poco_12;2;RES;Ocotea_mac;1;0;Apr
poco_12;3;RES;Ocotea_mac;1;0;Apr
poco_12;4;RES;Ocotea_mac;2;0;Apr
gaucho;1;AFS;Persea_ame;5;1;Apr
gaucho;2;AFS;Persea_ame;8;1;Apr
b_esperanca;1;RES;Piptadenia_gon;2;0;Apr
gaucho;1;AFS;Piptadenia_gon;5;0;Apr
gaucho;2;AFS;Piptadenia_gon;7;0;Apr
gaucho;3;AFS;Piptadenia_gon;12;0;Apr
gaucho;4;AFS;Piptadenia_gon;9;0;Apr
mico;2;RES;Piptadenia_gon;1;0;Apr
são_joao;1;RES;Piptadenia_mac;2;0;Apr
bom_retiro;2;RES;Piptadenia_pan;5;0;Apr
bom_retiro;3;RES;Piptadenia_pan;3;0;Apr
bom_retiro;4;RES;Piptadenia_pan;3;0;Apr
b_esperanca;1;RES;Plathymenia_fol;1;0;Apr
b_esperanca;2;RES;Plathymenia_fol;1;0;Apr
poco_13;4;RES;Plathymenia_fol;1;0;Apr
cecilia_g;1;AFS;Psidium_gua;4;0;Apr
cecilia_g;2;AFS;Psidium_gua;3;0;Apr
cecilia_g;3;AFS;Psidium_gua;4;0;Apr
graca;1;AFS;Psidium_gua;2;0;Apr
graca;4;AFS;Psidium_gua;1;0;Apr
ataliba;2;AFS;Rapanea_fer;2;0;Apr
ataliba;4;AFS;Rapanea_fer;2;0;Apr
b_esperanca;1;RES;Rapanea_fer;3;0;Apr
b_esperanca;2;RES;Rapanea_fer;7;0;Apr
b_esperanca;3;RES;Rapanea_fer;4;0;Apr
b_esperanca;4;RES;Rapanea_fer;6;0;Apr
joao;1;AFS;Rapanea_fer;2;0;Apr
joao;2;AFS;Rapanea_fer;1;0;Apr
joao;3;AFS;Rapanea_fer;1;0;Apr
joao;4;AFS;Rapanea_fer;5;0;Apr
neinha;1;AFS;Rapanea_fer;1;0;Apr
neinha;2;AFS;Rapanea_fer;1;0;Apr
neinha;3;AFS;Rapanea_fer;1;0;Apr
neinha;4;AFS;Rapanea_fer;5;0;Apr
poco_16;3;RES;Rapanea_fer;4;0;Apr
poco_16;4;RES;Rapanea_fer;9;0;Apr
mico;1;RES;Schinus_ter;3;1;Apr
mico;2;RES;Schinus_ter;3;1;Apr
mico;4;RES;Schinus_ter;2;1;Apr
poco_13;3;RES;Schinus_ter;2;1;Apr
poco_13;4;RES;Schinus_ter;2;1;Apr
poco_16;1;RES;Schinus_ter;4;1;Apr
vendaval;3;RES;Schinus_ter;5;1;Apr
vendaval;4;RES;Schinus_ter;2;1;Apr
neinha;1;AFS;Sparattosperma_leu;1;0;Apr
neinha;3;AFS;Sparattosperma_leu;1;0;Apr
neinha;4;AFS;Sparattosperma_leu;1;0;Apr
são_joao;1;RES;Tecoma_sta;3;1;Apr
graca;1;AFS;Theobroma_cac;2;1;Apr
graca;2;AFS;Theobroma_cac;5;1;Apr
graca;3;AFS;Theobroma_cac;1;1;Apr
cecilia;1;AFS;Tibouchina_gra;1;0;Apr
cecilia;5;AFS;Tibouchina_gra;1;0;Apr
graca;1;AFS;Vachellia_far;1;0;Apr
graca;2;AFS;Vachellia_far;1;0;Apr
graca;3;AFS;Vachellia_far;2;0;Apr
graca;4;AFS;Vachellia_far;3;0;Apr
mico;1;RES;Vitex_meg;7;0;Apr
mico;2;RES;Vitex_meg;4;0;Apr
mico;3;RES;Vitex_meg;2;0;Apr
mico;4;RES;Vitex_meg;1;0;Apr
poco_12;2;RES;Vitex_meg;1;0;Apr
poco_13;3;RES;Vitex_meg;1;0;Apr
poco_13;4;RES;Vitex_meg;3;0;Apr
graca;4;AFS;Vochysia_div;3;0;Apr
poco_16;2;RES;Vochysia_div;5;0;Apr
angela;1;AFS;Annona_muc;9;0;Aug
angela;4;AFS;Annona_muc;1;0;Aug
gaucho;1;AFS;Annona_muc;4;0;Aug
gaucho;3;AFS;Annona_muc;1;0;Aug
ataliba;1;AFS;Artocarpus_het;1;0;Aug
ataliba;2;AFS;Artocarpus_het;2;0;Aug
ataliba;3;AFS;Artocarpus_het;3;0;Aug
ataliba;4;AFS;Artocarpus_het;2;0;Aug
cecilia_g;1;AFS;Artocarpus_het;1;0;Aug
cecilia_g;3;AFS;Artocarpus_het;1;0;Aug
angela;1;AFS;Bactris_gas;9;1;Aug
angela;2;AFS;Bactris_gas;9;1;Aug
angela;3;AFS;Bactris_gas;5;1;Aug
angela;4;AFS;Bactris_gas;2;1;Aug
ataliba;1;AFS;Bactris_gas;4;1;Aug
ataliba;3;AFS;Bactris_gas;1;1;Aug
ataliba;4;AFS;Bactris_gas;3;1;Aug
cecilia_g;2;AFS;Bactris_gas;2;1;Aug
cecilia_g;3;AFS;Bactris_gas;1;1;Aug
cecilia_g;4;AFS;Bactris_gas;2;1;Aug
joao;1;AFS;Bactris_gas;3;1;Aug
joao;2;AFS;Bactris_gas;7;1;Aug
joao;3;AFS;Bactris_gas;8;1;Aug
joao;4;AFS;Bactris_gas;2;1;Aug
neinha;1;AFS;Bactris_gas;3;1;Aug
neinha;2;AFS;Bactris_gas;1;1;Aug
neinha;3;AFS;Bactris_gas;12;1;Aug
neinha;4;AFS;Bactris_gas;3;1;Aug
joao;1;AFS;Cecropia_hol;2;1;Aug
joao;3;AFS;Cecropia_hol;1;1;Aug
joao;4;AFS;Cecropia_hol;1;1;Aug
neinha;3;AFS;Cecropia_hol;1;1;Aug
neinha;4;AFS;Cecropia_hol;2;1;Aug
são_joao;2;RES;Ceiba_spe;1;0;Aug
cecilia;1;AFS;Citrus_ret;3;0;Aug
cecilia;2;AFS;Citrus_ret;5;0;Aug
cecilia;3;AFS;Citrus_ret;7;0;Aug
cecilia;1;AFS;Citrus_sin;6;0;Aug
cecilia;4;AFS;Citrus_sin;5;0;Aug
são_joao;3;RES;Clitoria_fai;1;0;Aug
neinha;1;AFS;Cocos_nuc;1;0;Aug
neinha;2;AFS;Cocos_nuc;2;0;Aug
joao;1;AFS;Cupania_ver;3;0;Aug
joao;2;AFS;Cupania_ver;2;0;Aug
joao;3;AFS;Cupania_ver;2;0;Aug
joao;4;AFS;Cupania_ver;2;0;Aug
neinha;3;AFS;Cupania_ver;2;0;Aug
neinha;4;AFS;Cupania_ver;2;0;Aug
ataliba;1;AFS;Euterpe_edu;1;0;Aug
ataliba;2;AFS;Euterpe_edu;4;0;Aug
ataliba;3;AFS;Euterpe_edu;1;0;Aug
ataliba;2;AFS;guarea_gui;4;0;Aug
ataliba;3;AFS;guarea_gui;1;0;Aug
ataliba;4;AFS;guarea_gui;1;0;Aug
poco_12;1;RES;guarea_gui;7;0;Aug
poco_12;2;RES;guarea_gui;3;0;Aug
poco_12;3;RES;guarea_gui;6;0;Aug
poco_12;4;RES;guarea_gui;7;0;Aug
vendaval;4;RES;guarea_gui;3;0;Aug
angela;1;AFS;Inga_edu;7;0;Aug
angela;2;AFS;Inga_edu;5;0;Aug
angela;3;AFS;Inga_edu;1;0;Aug
angela;4;AFS;Inga_edu;1;0;Aug
cecilia;1;AFS;Inga_edu;5;0;Aug
cecilia;2;AFS;Inga_edu;4;0;Aug
cecilia;3;AFS;Inga_edu;2;0;Aug
cecilia;4;AFS;Inga_edu;4;0;Aug
cecilia;5;AFS;Inga_edu;3;0;Aug
cecilia;6;AFS;Inga_edu;4;0;Aug
mico;2;RES;Inga_edu;2;0;Aug
mico;4;RES;Inga_edu;1;0;Aug
vendaval;1;RES;Inga_edu;1;0;Aug
vendaval;2;RES;Inga_edu;4;0;Aug
vendaval;3;RES;Inga_edu;1;0;Aug
vendaval;4;RES;Inga_edu;1;0;Aug
ataliba;1;AFS;Inga_lau;2;0;Aug
ataliba;2;AFS;Inga_lau;1;0;Aug
ataliba;3;AFS;Inga_lau;1;0;Aug
ataliba;4;AFS;Inga_lau;1;0;Aug
cecilia;3;AFS;Inga_lau;3;0;Aug
cecilia;4;AFS;Inga_lau;1;0;Aug
cecilia;5;AFS;Inga_lau;1;0;Aug
gaucho;2;AFS;Inga_lau;1;0;Aug
gaucho;3;AFS;Inga_lau;1;0;Aug
gaucho;4;AFS;Inga_lau;5;0;Aug
graca;4;AFS;Inga_lau;1;0;Aug
vendaval;1;RES;Inga_lau;2;0;Aug
vendaval;2;RES;Inga_lau;4;0;Aug
vendaval;3;RES;Inga_lau;2;0;Aug
vendaval;4;RES;Inga_lau;1;0;Aug
cecilia;1;AFS;Inga_ver;4;0;Aug
cecilia;2;AFS;Inga_ver;2;0;Aug
cecilia;3;AFS;Inga_ver;3;0;Aug
cecilia;4;AFS;Inga_ver;3;0;Aug
cecilia;5;AFS;Inga_ver;2;0;Aug
cecilia;6;AFS;Inga_ver;2;0;Aug
cecilia_g;1;AFS;Inga_ver;1;0;Aug
cecilia_g;2;AFS;Inga_ver;4;0;Aug
cecilia_g;3;AFS;Inga_ver;3;0;Aug
joao;1;AFS;Luehea_div;1;0;Aug
joao;2;AFS;Luehea_div;2;0;Aug
poco_13;3;RES;Luehea_div;1;0;Aug
poco_13;4;RES;Luehea_div;2;0;Aug
ataliba;1;AFS;Mangifera_ind;3;1;Aug
ataliba;2;AFS;Mangifera_ind;2;1;Aug
ataliba;4;AFS;Mangifera_ind;1;1;Aug
neinha;1;AFS;Mangifera_ind;1;1;Aug
neinha;2;AFS;Miconia_pra;6;1;Aug
neinha;3;AFS;Miconia_pra;6;1;Aug
neinha;4;AFS;Miconia_pra;4;1;Aug
angela;1;AFS;Musa_par;3;1;Aug
angela;2;AFS;Musa_par;4;1;Aug
angela;4;AFS;Musa_par;6;1;Aug
ataliba;1;AFS;Musa_par;1;1;Aug
ataliba;3;AFS;Musa_par;4;1;Aug
cecilia;1;AFS;Musa_par;1;1;Aug
cecilia;2;AFS;Musa_par;4;1;Aug
cecilia;3;AFS;Musa_par;3;1;Aug
cecilia;4;AFS;Musa_par;4;1;Aug
cecilia;5;AFS;Musa_par;3;1;Aug
cecilia;6;AFS;Musa_par;8;1;Aug
cecilia_g;1;AFS;Musa_par;3;1;Aug
cecilia_g;3;AFS;Musa_par;3;1;Aug
cecilia_g;4;AFS;Musa_par;1;1;Aug
graca;2;AFS;Musa_par;2;1;Aug
graca;3;AFS;Musa_par;2;1;Aug
bom_retiro;1;RES;Myrciaria_ten;1;0;Aug
bom_retiro;2;RES;Myrciaria_ten;2;0;Aug
bom_retiro;3;RES;Myrciaria_ten;1;0;Aug
bom_retiro;4;RES;Myrciaria_ten;1;0;Aug
bom_retiro;1;RES;Ocotea_lax ;8;1;Aug
poco_12;2;RES;Ocotea_mac;1;0;Aug
poco_12;3;RES;Ocotea_mac;1;0;Aug
poco_12;4;RES;Ocotea_mac;2;0;Aug
gaucho;1;AFS;Persea_ame;5;1;Aug
gaucho;2;AFS;Persea_ame;8;1;Aug
b_esperanca;1;RES;Piptadenia_gon;2;0;Aug
gaucho;1;AFS;Piptadenia_gon;5;0;Aug
gaucho;2;AFS;Piptadenia_gon;7;0;Aug
gaucho;3;AFS;Piptadenia_gon;12;0;Aug
gaucho;4;AFS;Piptadenia_gon;9;0;Aug
mico;2;RES;Piptadenia_gon;1;0;Aug
são_joao;1;RES;Piptadenia_mac;2;0;Aug
bom_retiro;2;RES;Piptadenia_pan;5;0;Aug
bom_retiro;3;RES;Piptadenia_pan;3;0;Aug
bom_retiro;4;RES;Piptadenia_pan;3;0;Aug
b_esperanca;1;RES;Plathymenia_fol;1;0;Aug
b_esperanca;2;RES;Plathymenia_fol;1;0;Aug
poco_13;4;RES;Plathymenia_fol;1;0;Aug
cecilia_g;1;AFS;Psidium_gua;4;0;Aug
cecilia_g;2;AFS;Psidium_gua;3;0;Aug
cecilia_g;3;AFS;Psidium_gua;4;0;Aug
graca;1;AFS;Psidium_gua;2;0;Aug
graca;4;AFS;Psidium_gua;1;0;Aug
ataliba;2;AFS;Rapanea_fer;2;0;Aug
ataliba;4;AFS;Rapanea_fer;2;0;Aug
b_esperanca;1;RES;Rapanea_fer;3;0;Aug
b_esperanca;2;RES;Rapanea_fer;7;0;Aug
b_esperanca;3;RES;Rapanea_fer;4;0;Aug
b_esperanca;4;RES;Rapanea_fer;6;0;Aug
joao;1;AFS;Rapanea_fer;2;0;Aug
joao;2;AFS;Rapanea_fer;1;0;Aug
joao;3;AFS;Rapanea_fer;1;0;Aug
joao;4;AFS;Rapanea_fer;5;0;Aug
neinha;1;AFS;Rapanea_fer;1;0;Aug
neinha;2;AFS;Rapanea_fer;1;0;Aug
neinha;3;AFS;Rapanea_fer;1;0;Aug
neinha;4;AFS;Rapanea_fer;5;0;Aug
poco_16;3;RES;Rapanea_fer;4;0;Aug
poco_16;4;RES;Rapanea_fer;9;0;Aug
mico;1;RES;Schinus_ter;3;0;Aug
mico;2;RES;Schinus_ter;3;0;Aug
mico;4;RES;Schinus_ter;2;0;Aug
poco_13;3;RES;Schinus_ter;2;0;Aug
poco_13;4;RES;Schinus_ter;2;0;Aug
poco_16;1;RES;Schinus_ter;4;0;Aug
vendaval;3;RES;Schinus_ter;5;0;Aug
vendaval;4;RES;Schinus_ter;2;0;Aug
neinha;1;AFS;Sparattosperma_leu;1;0;Aug
neinha;3;AFS;Sparattosperma_leu;1;0;Aug
neinha;4;AFS;Sparattosperma_leu;1;0;Aug
são_joao;1;RES;Tecoma_sta;3;1;Aug
graca;1;AFS;Theobroma_cac;2;0;Aug
graca;2;AFS;Theobroma_cac;5;0;Aug
graca;3;AFS;Theobroma_cac;1;0;Aug
cecilia;1;AFS;Tibouchina_gra;1;1;Aug
cecilia;5;AFS;Tibouchina_gra;1;1;Aug
graca;1;AFS;Vachellia_far;1;1;Aug
graca;2;AFS;Vachellia_far;1;1;Aug
graca;3;AFS;Vachellia_far;2;1;Aug
graca;4;AFS;Vachellia_far;3;1;Aug
mico;1;RES;Vitex_meg;7;0;Aug
mico;2;RES;Vitex_meg;4;0;Aug
mico;3;RES;Vitex_meg;2;0;Aug
mico;4;RES;Vitex_meg;1;0;Aug
poco_12;2;RES;Vitex_meg;1;0;Aug
poco_13;3;RES;Vitex_meg;1;0;Aug
poco_13;4;RES;Vitex_meg;3;0;Aug
graca;4;AFS;Vochysia_div;3;1;Aug
poco_16;2;RES;Vochysia_div;5;1;Aug
angela;1;AFS;Annona_muc;9;0;Dec
angela;4;AFS;Annona_muc;1;0;Dec
gaucho;1;AFS;Annona_muc;4;0;Dec
gaucho;3;AFS;Annona_muc;1;0;Dec
ataliba;1;AFS;Artocarpus_het;1;1;Dec
ataliba;2;AFS;Artocarpus_het;2;1;Dec
ataliba;3;AFS;Artocarpus_het;3;1;Dec
ataliba;4;AFS;Artocarpus_het;2;1;Dec
cecilia_g;1;AFS;Artocarpus_het;1;1;Dec
cecilia_g;3;AFS;Artocarpus_het;1;1;Dec
angela;1;AFS;Bactris_gas;9;1;Dec
angela;2;AFS;Bactris_gas;9;1;Dec
angela;3;AFS;Bactris_gas;5;1;Dec
angela;4;AFS;Bactris_gas;2;1;Dec
ataliba;1;AFS;Bactris_gas;4;1;Dec
ataliba;3;AFS;Bactris_gas;1;1;Dec
ataliba;4;AFS;Bactris_gas;3;1;Dec
cecilia_g;2;AFS;Bactris_gas;2;1;Dec
cecilia_g;3;AFS;Bactris_gas;1;1;Dec
cecilia_g;4;AFS;Bactris_gas;2;1;Dec
joao;1;AFS;Bactris_gas;3;1;Dec
joao;2;AFS;Bactris_gas;7;1;Dec
joao;3;AFS;Bactris_gas;8;1;Dec
joao;4;AFS;Bactris_gas;2;1;Dec
neinha;1;AFS;Bactris_gas;3;1;Dec
neinha;2;AFS;Bactris_gas;1;1;Dec
neinha;3;AFS;Bactris_gas;12;1;Dec
neinha;4;AFS;Bactris_gas;3;1;Dec
joao;1;AFS;Cecropia_hol;2;0;Dec
joao;3;AFS;Cecropia_hol;1;0;Dec
joao;4;AFS;Cecropia_hol;1;0;Dec
neinha;3;AFS;Cecropia_hol;1;0;Dec
neinha;4;AFS;Cecropia_hol;2;0;Dec
são_joao;2;RES;Ceiba_spe;1;0;Dec
cecilia;1;AFS;Citrus_ret;3;0;Dec
cecilia;2;AFS;Citrus_ret;5;0;Dec
cecilia;3;AFS;Citrus_ret;7;0;Dec
cecilia;1;AFS;Citrus_sin;6;0;Dec
cecilia;4;AFS;Citrus_sin;5;0;Dec
são_joao;3;RES;Clitoria_fai;1;1;Dec
neinha;1;AFS;Cocos_nuc;1;0;Dec
neinha;2;AFS;Cocos_nuc;2;0;Dec
joao;1;AFS;Cupania_ver;3;0;Dec
joao;2;AFS;Cupania_ver;2;0;Dec
joao;3;AFS;Cupania_ver;2;0;Dec
joao;4;AFS;Cupania_ver;2;0;Dec
neinha;3;AFS;Cupania_ver;2;0;Dec
neinha;4;AFS;Cupania_ver;2;0;Dec
ataliba;1;AFS;Euterpe_edu;1;1;Dec
ataliba;2;AFS;Euterpe_edu;4;1;Dec
ataliba;3;AFS;Euterpe_edu;1;1;Dec
ataliba;2;AFS;guarea_gui;4;1;Dec
ataliba;3;AFS;guarea_gui;1;1;Dec
ataliba;4;AFS;guarea_gui;1;1;Dec
poco_12;1;RES;guarea_gui;7;1;Dec
poco_12;2;RES;guarea_gui;3;1;Dec
poco_12;3;RES;guarea_gui;6;1;Dec
poco_12;4;RES;guarea_gui;7;1;Dec
vendaval;4;RES;guarea_gui;3;1;Dec
angela;1;AFS;Inga_edu;7;0;Dec
angela;2;AFS;Inga_edu;5;0;Dec
angela;3;AFS;Inga_edu;1;0;Dec
angela;4;AFS;Inga_edu;1;0;Dec
cecilia;1;AFS;Inga_edu;5;0;Dec
cecilia;2;AFS;Inga_edu;4;0;Dec
cecilia;3;AFS;Inga_edu;2;0;Dec
cecilia;4;AFS;Inga_edu;4;0;Dec
cecilia;5;AFS;Inga_edu;3;0;Dec
cecilia;6;AFS;Inga_edu;4;0;Dec
mico;2;RES;Inga_edu;2;0;Dec
mico;4;RES;Inga_edu;1;0;Dec
vendaval;1;RES;Inga_edu;1;0;Dec
vendaval;2;RES;Inga_edu;4;0;Dec
vendaval;3;RES;Inga_edu;1;0;Dec
vendaval;4;RES;Inga_edu;1;0;Dec
ataliba;1;AFS;Inga_lau;2;0;Dec
ataliba;2;AFS;Inga_lau;1;0;Dec
ataliba;3;AFS;Inga_lau;1;0;Dec
ataliba;4;AFS;Inga_lau;1;0;Dec
cecilia;3;AFS;Inga_lau;3;0;Dec
cecilia;4;AFS;Inga_lau;1;0;Dec
cecilia;5;AFS;Inga_lau;1;0;Dec
gaucho;2;AFS;Inga_lau;1;0;Dec
gaucho;3;AFS;Inga_lau;1;0;Dec
gaucho;4;AFS;Inga_lau;5;0;Dec
graca;4;AFS;Inga_lau;1;0;Dec
vendaval;1;RES;Inga_lau;2;0;Dec
vendaval;2;RES;Inga_lau;4;0;Dec
vendaval;3;RES;Inga_lau;2;0;Dec
vendaval;4;RES;Inga_lau;1;0;Dec
cecilia;1;AFS;Inga_ver;4;1;Dec
cecilia;2;AFS;Inga_ver;2;1;Dec
cecilia;3;AFS;Inga_ver;3;1;Dec
cecilia;4;AFS;Inga_ver;3;1;Dec
cecilia;5;AFS;Inga_ver;2;1;Dec
cecilia;6;AFS;Inga_ver;2;1;Dec
cecilia_g;1;AFS;Inga_ver;1;1;Dec
cecilia_g;2;AFS;Inga_ver;4;1;Dec
cecilia_g;3;AFS;Inga_ver;3;1;Dec
joao;1;AFS;Luehea_div;1;0;Dec
joao;2;AFS;Luehea_div;2;0;Dec
poco_13;3;RES;Luehea_div;1;0;Dec
poco_13;4;RES;Luehea_div;2;0;Dec
ataliba;1;AFS;Mangifera_ind;3;0;Dec
ataliba;2;AFS;Mangifera_ind;2;0;Dec
ataliba;4;AFS;Mangifera_ind;1;0;Dec
neinha;1;AFS;Mangifera_ind;1;0;Dec
neinha;2;AFS;Miconia_pra;6;1;Dec
neinha;3;AFS;Miconia_pra;6;1;Dec
neinha;4;AFS;Miconia_pra;4;1;Dec
angela;1;AFS;Musa_par;3;1;Dec
angela;2;AFS;Musa_par;4;1;Dec
angela;4;AFS;Musa_par;6;1;Dec
ataliba;1;AFS;Musa_par;1;1;Dec
ataliba;3;AFS;Musa_par;4;1;Dec
cecilia;1;AFS;Musa_par;1;1;Dec
cecilia;2;AFS;Musa_par;4;1;Dec
cecilia;3;AFS;Musa_par;3;1;Dec
cecilia;4;AFS;Musa_par;4;1;Dec
cecilia;5;AFS;Musa_par;3;1;Dec
cecilia;6;AFS;Musa_par;8;1;Dec
cecilia_g;1;AFS;Musa_par;3;1;Dec
cecilia_g;3;AFS;Musa_par;3;1;Dec
cecilia_g;4;AFS;Musa_par;1;1;Dec
graca;2;AFS;Musa_par;2;1;Dec
graca;3;AFS;Musa_par;2;1;Dec
bom_retiro;1;RES;Myrciaria_ten;1;1;Dec
bom_retiro;2;RES;Myrciaria_ten;2;1;Dec
bom_retiro;3;RES;Myrciaria_ten;1;1;Dec
bom_retiro;4;RES;Myrciaria_ten;1;1;Dec
bom_retiro;1;RES;Ocotea_lax ;8;0;Dec
poco_12;2;RES;Ocotea_mac;1;0;Dec
poco_12;3;RES;Ocotea_mac;1;0;Dec
poco_12;4;RES;Ocotea_mac;2;0;Dec
gaucho;1;AFS;Persea_ame;5;0;Dec
gaucho;2;AFS;Persea_ame;8;0;Dec
b_esperanca;1;RES;Piptadenia_gon;2;1;Dec
gaucho;1;AFS;Piptadenia_gon;5;1;Dec
gaucho;2;AFS;Piptadenia_gon;7;1;Dec
gaucho;3;AFS;Piptadenia_gon;12;1;Dec
gaucho;4;AFS;Piptadenia_gon;9;1;Dec
mico;2;RES;Piptadenia_gon;1;1;Dec
são_joao;1;RES;Piptadenia_mac;2;0;Dec
bom_retiro;2;RES;Piptadenia_pan;5;0;Dec
bom_retiro;3;RES;Piptadenia_pan;3;0;Dec
bom_retiro;4;RES;Piptadenia_pan;3;0;Dec
b_esperanca;1;RES;Plathymenia_fol;1;1;Dec
b_esperanca;2;RES;Plathymenia_fol;1;1;Dec
poco_13;4;RES;Plathymenia_fol;1;1;Dec
cecilia_g;1;AFS;Psidium_gua;4;1;Dec
cecilia_g;2;AFS;Psidium_gua;3;1;Dec
cecilia_g;3;AFS;Psidium_gua;4;1;Dec
graca;1;AFS;Psidium_gua;2;1;Dec
graca;4;AFS;Psidium_gua;1;1;Dec
ataliba;2;AFS;Rapanea_fer;2;0;Dec
ataliba;4;AFS;Rapanea_fer;2;0;Dec
b_esperanca;1;RES;Rapanea_fer;3;0;Dec
b_esperanca;2;RES;Rapanea_fer;7;0;Dec
b_esperanca;3;RES;Rapanea_fer;4;0;Dec
b_esperanca;4;RES;Rapanea_fer;6;0;Dec
joao;1;AFS;Rapanea_fer;2;0;Dec
joao;2;AFS;Rapanea_fer;1;0;Dec
joao;3;AFS;Rapanea_fer;1;0;Dec
joao;4;AFS;Rapanea_fer;5;0;Dec
neinha;1;AFS;Rapanea_fer;1;0;Dec
neinha;2;AFS;Rapanea_fer;1;0;Dec
neinha;3;AFS;Rapanea_fer;1;0;Dec
neinha;4;AFS;Rapanea_fer;5;0;Dec
poco_16;3;RES;Rapanea_fer;4;0;Dec
poco_16;4;RES;Rapanea_fer;9;0;Dec
mico;1;RES;Schinus_ter;3;0;Dec
mico;2;RES;Schinus_ter;3;0;Dec
mico;4;RES;Schinus_ter;2;0;Dec
poco_13;3;RES;Schinus_ter;2;0;Dec
poco_13;4;RES;Schinus_ter;2;0;Dec
poco_16;1;RES;Schinus_ter;4;0;Dec
vendaval;3;RES;Schinus_ter;5;0;Dec
vendaval;4;RES;Schinus_ter;2;0;Dec
neinha;1;AFS;Sparattosperma_leu;1;0;Dec
neinha;3;AFS;Sparattosperma_leu;1;0;Dec
neinha;4;AFS;Sparattosperma_leu;1;0;Dec
são_joao;1;RES;Tecoma_sta;3;1;Dec
graca;1;AFS;Theobroma_cac;2;1;Dec
graca;2;AFS;Theobroma_cac;5;1;Dec
graca;3;AFS;Theobroma_cac;1;1;Dec
cecilia;1;AFS;Tibouchina_gra;1;1;Dec
cecilia;5;AFS;Tibouchina_gra;1;1;Dec
graca;1;AFS;Vachellia_far;1;0;Dec
graca;2;AFS;Vachellia_far;1;0;Dec
graca;3;AFS;Vachellia_far;2;0;Dec
graca;4;AFS;Vachellia_far;3;0;Dec
mico;1;RES;Vitex_meg;7;1;Dec
mico;2;RES;Vitex_meg;4;1;Dec
mico;3;RES;Vitex_meg;2;1;Dec
mico;4;RES;Vitex_meg;1;1;Dec
poco_12;2;RES;Vitex_meg;1;1;Dec
poco_13;3;RES;Vitex_meg;1;1;Dec
poco_13;4;RES;Vitex_meg;3;1;Dec
graca;4;AFS;Vochysia_div;3;0;Dec
poco_16;2;RES;Vochysia_div;5;0;Dec
angela;1;AFS;Annona_muc;9;0;Feb
angela;4;AFS;Annona_muc;1;0;Feb
gaucho;1;AFS;Annona_muc;4;0;Feb
gaucho;3;AFS;Annona_muc;1;0;Feb
ataliba;1;AFS;Artocarpus_het;1;0;Feb
ataliba;2;AFS;Artocarpus_het;2;0;Feb
ataliba;3;AFS;Artocarpus_het;3;0;Feb
ataliba;4;AFS;Artocarpus_het;2;0;Feb
cecilia_g;1;AFS;Artocarpus_het;1;0;Feb
cecilia_g;3;AFS;Artocarpus_het;1;0;Feb
angela;1;AFS;Bactris_gas;9;0;Feb
angela;2;AFS;Bactris_gas;9;0;Feb
angela;3;AFS;Bactris_gas;5;0;Feb
angela;4;AFS;Bactris_gas;2;0;Feb
ataliba;1;AFS;Bactris_gas;4;0;Feb
ataliba;3;AFS;Bactris_gas;1;0;Feb
ataliba;4;AFS;Bactris_gas;3;0;Feb
cecilia_g;2;AFS;Bactris_gas;2;0;Feb
cecilia_g;3;AFS;Bactris_gas;1;0;Feb
cecilia_g;4;AFS;Bactris_gas;2;0;Feb
joao;1;AFS;Bactris_gas;3;0;Feb
joao;2;AFS;Bactris_gas;7;0;Feb
joao;3;AFS;Bactris_gas;8;0;Feb
joao;4;AFS;Bactris_gas;2;0;Feb
neinha;1;AFS;Bactris_gas;3;0;Feb
neinha;2;AFS;Bactris_gas;1;0;Feb
neinha;3;AFS;Bactris_gas;12;0;Feb
neinha;4;AFS;Bactris_gas;3;0;Feb
joao;1;AFS;Cecropia_hol;2;0;Feb
joao;3;AFS;Cecropia_hol;1;0;Feb
joao;4;AFS;Cecropia_hol;1;0;Feb
neinha;3;AFS;Cecropia_hol;1;0;Feb
neinha;4;AFS;Cecropia_hol;2;0;Feb
são_joao;2;RES;Ceiba_spe;1;0;Feb
cecilia;1;AFS;Citrus_ret;3;0;Feb
cecilia;2;AFS;Citrus_ret;5;0;Feb
cecilia;3;AFS;Citrus_ret;7;0;Feb
cecilia;1;AFS;Citrus_sin;6;0;Feb
cecilia;4;AFS;Citrus_sin;5;0;Feb
são_joao;3;RES;Clitoria_fai;1;1;Feb
neinha;1;AFS;Cocos_nuc;1;1;Feb
neinha;2;AFS;Cocos_nuc;2;1;Feb
joao;1;AFS;Cupania_ver;3;0;Feb
joao;2;AFS;Cupania_ver;2;0;Feb
joao;3;AFS;Cupania_ver;2;0;Feb
joao;4;AFS;Cupania_ver;2;0;Feb
neinha;3;AFS;Cupania_ver;2;0;Feb
neinha;4;AFS;Cupania_ver;2;0;Feb
ataliba;1;AFS;Euterpe_edu;1;0;Feb
ataliba;2;AFS;Euterpe_edu;4;0;Feb
ataliba;3;AFS;Euterpe_edu;1;0;Feb
ataliba;2;AFS;guarea_gui;4;1;Feb
ataliba;3;AFS;guarea_gui;1;1;Feb
ataliba;4;AFS;guarea_gui;1;1;Feb
poco_12;1;RES;guarea_gui;7;1;Feb
poco_12;2;RES;guarea_gui;3;1;Feb
poco_12;3;RES;guarea_gui;6;1;Feb
poco_12;4;RES;guarea_gui;7;1;Feb
vendaval;4;RES;guarea_gui;3;1;Feb
angela;1;AFS;Inga_edu;7;1;Feb
angela;2;AFS;Inga_edu;5;1;Feb
angela;3;AFS;Inga_edu;1;1;Feb
angela;4;AFS;Inga_edu;1;1;Feb
cecilia;1;AFS;Inga_edu;5;1;Feb
cecilia;2;AFS;Inga_edu;4;1;Feb
cecilia;3;AFS;Inga_edu;2;1;Feb
cecilia;4;AFS;Inga_edu;4;1;Feb
cecilia;5;AFS;Inga_edu;3;1;Feb
cecilia;6;AFS;Inga_edu;4;1;Feb
mico;2;RES;Inga_edu;2;1;Feb
mico;4;RES;Inga_edu;1;1;Feb
vendaval;1;RES;Inga_edu;1;1;Feb
vendaval;2;RES;Inga_edu;4;1;Feb
vendaval;3;RES;Inga_edu;1;1;Feb
vendaval;4;RES;Inga_edu;1;1;Feb
ataliba;1;AFS;Inga_lau;2;1;Feb
ataliba;2;AFS;Inga_lau;1;1;Feb
ataliba;3;AFS;Inga_lau;1;1;Feb
ataliba;4;AFS;Inga_lau;1;1;Feb
cecilia;3;AFS;Inga_lau;3;1;Feb
cecilia;4;AFS;Inga_lau;1;1;Feb
cecilia;5;AFS;Inga_lau;1;1;Feb
gaucho;2;AFS;Inga_lau;1;1;Feb
gaucho;3;AFS;Inga_lau;1;1;Feb
gaucho;4;AFS;Inga_lau;5;1;Feb
graca;4;AFS;Inga_lau;1;1;Feb
vendaval;1;RES;Inga_lau;2;1;Feb
vendaval;2;RES;Inga_lau;4;1;Feb
vendaval;3;RES;Inga_lau;2;1;Feb
vendaval;4;RES;Inga_lau;1;1;Feb
cecilia;1;AFS;Inga_ver;4;1;Feb
cecilia;2;AFS;Inga_ver;2;1;Feb
cecilia;3;AFS;Inga_ver;3;1;Feb
cecilia;4;AFS;Inga_ver;3;1;Feb
cecilia;5;AFS;Inga_ver;2;1;Feb
cecilia;6;AFS;Inga_ver;2;1;Feb
cecilia_g;1;AFS;Inga_ver;1;1;Feb
cecilia_g;2;AFS;Inga_ver;4;1;Feb
cecilia_g;3;AFS;Inga_ver;3;1;Feb
joao;1;AFS;Luehea_div;1;0;Feb
joao;2;AFS;Luehea_div;2;0;Feb
poco_13;3;RES;Luehea_div;1;0;Feb
poco_13;4;RES;Luehea_div;2;0;Feb
ataliba;1;AFS;Mangifera_ind;3;0;Feb
ataliba;2;AFS;Mangifera_ind;2;0;Feb
ataliba;4;AFS;Mangifera_ind;1;0;Feb
neinha;1;AFS;Mangifera_ind;1;0;Feb
neinha;2;AFS;Miconia_pra;6;1;Feb
neinha;3;AFS;Miconia_pra;6;1;Feb
neinha;4;AFS;Miconia_pra;4;1;Feb
angela;1;AFS;Musa_par;3;1;Feb
angela;2;AFS;Musa_par;4;1;Feb
angela;4;AFS;Musa_par;6;1;Feb
ataliba;1;AFS;Musa_par;1;1;Feb
ataliba;3;AFS;Musa_par;4;1;Feb
cecilia;1;AFS;Musa_par;1;1;Feb
cecilia;2;AFS;Musa_par;4;1;Feb
cecilia;3;AFS;Musa_par;3;1;Feb
cecilia;4;AFS;Musa_par;4;1;Feb
cecilia;5;AFS;Musa_par;3;1;Feb
cecilia;6;AFS;Musa_par;8;1;Feb
cecilia_g;1;AFS;Musa_par;3;1;Feb
cecilia_g;3;AFS;Musa_par;3;1;Feb
cecilia_g;4;AFS;Musa_par;1;1;Feb
graca;2;AFS;Musa_par;2;1;Feb
graca;3;AFS;Musa_par;2;1;Feb
bom_retiro;1;RES;Myrciaria_ten;1;0;Feb
bom_retiro;2;RES;Myrciaria_ten;2;0;Feb
bom_retiro;3;RES;Myrciaria_ten;1;0;Feb
bom_retiro;4;RES;Myrciaria_ten;1;0;Feb
bom_retiro;1;RES;Ocotea_lax ;8;0;Feb
poco_12;2;RES;Ocotea_mac;1;0;Feb
poco_12;3;RES;Ocotea_mac;1;0;Feb
poco_12;4;RES;Ocotea_mac;2;0;Feb
gaucho;1;AFS;Persea_ame;5;0;Feb
gaucho;2;AFS;Persea_ame;8;0;Feb
b_esperanca;1;RES;Piptadenia_gon;2;1;Feb
gaucho;1;AFS;Piptadenia_gon;5;1;Feb
gaucho;2;AFS;Piptadenia_gon;7;1;Feb
gaucho;3;AFS;Piptadenia_gon;12;1;Feb
gaucho;4;AFS;Piptadenia_gon;9;1;Feb
mico;2;RES;Piptadenia_gon;1;1;Feb
são_joao;1;RES;Piptadenia_mac;2;0;Feb
bom_retiro;2;RES;Piptadenia_pan;5;1;Feb
bom_retiro;3;RES;Piptadenia_pan;3;1;Feb
bom_retiro;4;RES;Piptadenia_pan;3;1;Feb
b_esperanca;1;RES;Plathymenia_fol;1;0;Feb
b_esperanca;2;RES;Plathymenia_fol;1;0;Feb
poco_13;4;RES;Plathymenia_fol;1;0;Feb
cecilia_g;1;AFS;Psidium_gua;4;0;Feb
cecilia_g;2;AFS;Psidium_gua;3;0;Feb
cecilia_g;3;AFS;Psidium_gua;4;0;Feb
graca;1;AFS;Psidium_gua;2;0;Feb
graca;4;AFS;Psidium_gua;1;0;Feb
ataliba;2;AFS;Rapanea_fer;2;0;Feb
ataliba;4;AFS;Rapanea_fer;2;0;Feb
b_esperanca;1;RES;Rapanea_fer;3;0;Feb
b_esperanca;2;RES;Rapanea_fer;7;0;Feb
b_esperanca;3;RES;Rapanea_fer;4;0;Feb
b_esperanca;4;RES;Rapanea_fer;6;0;Feb
joao;1;AFS;Rapanea_fer;2;0;Feb
joao;2;AFS;Rapanea_fer;1;0;Feb
joao;3;AFS;Rapanea_fer;1;0;Feb
joao;4;AFS;Rapanea_fer;5;0;Feb
neinha;1;AFS;Rapanea_fer;1;0;Feb
neinha;2;AFS;Rapanea_fer;1;0;Feb
neinha;3;AFS;Rapanea_fer;1;0;Feb
neinha;4;AFS;Rapanea_fer;5;0;Feb
poco_16;3;RES;Rapanea_fer;4;0;Feb
poco_16;4;RES;Rapanea_fer;9;0;Feb
mico;1;RES;Schinus_ter;3;0;Feb
mico;2;RES;Schinus_ter;3;0;Feb
mico;4;RES;Schinus_ter;2;0;Feb
poco_13;3;RES;Schinus_ter;2;0;Feb
poco_13;4;RES;Schinus_ter;2;0;Feb
poco_16;1;RES;Schinus_ter;4;0;Feb
vendaval;3;RES;Schinus_ter;5;0;Feb
vendaval;4;RES;Schinus_ter;2;0;Feb
neinha;1;AFS;Sparattosperma_leu;1;1;Feb
neinha;3;AFS;Sparattosperma_leu;1;1;Feb
neinha;4;AFS;Sparattosperma_leu;1;1;Feb
são_joao;1;RES;Tecoma_sta;3;1;Feb
graca;1;AFS;Theobroma_cac;2;1;Feb
graca;2;AFS;Theobroma_cac;5;1;Feb
graca;3;AFS;Theobroma_cac;1;1;Feb
cecilia;1;AFS;Tibouchina_gra;1;1;Feb
cecilia;5;AFS;Tibouchina_gra;1;1;Feb
graca;1;AFS;Vachellia_far;1;1;Feb
graca;2;AFS;Vachellia_far;1;1;Feb
graca;3;AFS;Vachellia_far;2;1;Feb
graca;4;AFS;Vachellia_far;3;1;Feb
mico;1;RES;Vitex_meg;7;0;Feb
mico;2;RES;Vitex_meg;4;0;Feb
mico;3;RES;Vitex_meg;2;0;Feb
mico;4;RES;Vitex_meg;1;0;Feb
poco_12;2;RES;Vitex_meg;1;0;Feb
poco_13;3;RES;Vitex_meg;1;0;Feb
poco_13;4;RES;Vitex_meg;3;0;Feb
graca;4;AFS;Vochysia_div;3;0;Feb
poco_16;2;RES;Vochysia_div;5;0;Feb
angela;1;AFS;Annona_muc;9;0;Jan
angela;4;AFS;Annona_muc;1;0;Jan
gaucho;1;AFS;Annona_muc;4;0;Jan
gaucho;3;AFS;Annona_muc;1;0;Jan
ataliba;1;AFS;Artocarpus_het;1;1;Jan
ataliba;2;AFS;Artocarpus_het;2;1;Jan
ataliba;3;AFS;Artocarpus_het;3;1;Jan
ataliba;4;AFS;Artocarpus_het;2;1;Jan
cecilia_g;1;AFS;Artocarpus_het;1;1;Jan
cecilia_g;3;AFS;Artocarpus_het;1;1;Jan
angela;1;AFS;Bactris_gas;9;0;Jan
angela;2;AFS;Bactris_gas;9;0;Jan
angela;3;AFS;Bactris_gas;5;0;Jan
angela;4;AFS;Bactris_gas;2;0;Jan
ataliba;1;AFS;Bactris_gas;4;0;Jan
ataliba;3;AFS;Bactris_gas;1;0;Jan
ataliba;4;AFS;Bactris_gas;3;0;Jan
cecilia_g;2;AFS;Bactris_gas;2;0;Jan
cecilia_g;3;AFS;Bactris_gas;1;0;Jan
cecilia_g;4;AFS;Bactris_gas;2;0;Jan
joao;1;AFS;Bactris_gas;3;0;Jan
joao;2;AFS;Bactris_gas;7;0;Jan
joao;3;AFS;Bactris_gas;8;0;Jan
joao;4;AFS;Bactris_gas;2;0;Jan
neinha;1;AFS;Bactris_gas;3;0;Jan
neinha;2;AFS;Bactris_gas;1;0;Jan
neinha;3;AFS;Bactris_gas;12;0;Jan
neinha;4;AFS;Bactris_gas;3;0;Jan
joao;1;AFS;Cecropia_hol;2;0;Jan
joao;3;AFS;Cecropia_hol;1;0;Jan
joao;4;AFS;Cecropia_hol;1;0;Jan
neinha;3;AFS;Cecropia_hol;1;0;Jan
neinha;4;AFS;Cecropia_hol;2;0;Jan
são_joao;2;RES;Ceiba_spe;1;0;Jan
cecilia;1;AFS;Citrus_ret;3;0;Jan
cecilia;2;AFS;Citrus_ret;5;0;Jan
cecilia;3;AFS;Citrus_ret;7;0;Jan
cecilia;1;AFS;Citrus_sin;6;0;Jan
cecilia;4;AFS;Citrus_sin;5;0;Jan
são_joao;3;RES;Clitoria_fai;1;1;Jan
neinha;1;AFS;Cocos_nuc;1;1;Jan
neinha;2;AFS;Cocos_nuc;2;1;Jan
joao;1;AFS;Cupania_ver;3;0;Jan
joao;2;AFS;Cupania_ver;2;0;Jan
joao;3;AFS;Cupania_ver;2;0;Jan
joao;4;AFS;Cupania_ver;2;0;Jan
neinha;3;AFS;Cupania_ver;2;0;Jan
neinha;4;AFS;Cupania_ver;2;0;Jan
ataliba;1;AFS;Euterpe_edu;1;1;Jan
ataliba;2;AFS;Euterpe_edu;4;1;Jan
ataliba;3;AFS;Euterpe_edu;1;1;Jan
ataliba;2;AFS;guarea_gui;4;1;Jan
ataliba;3;AFS;guarea_gui;1;1;Jan
ataliba;4;AFS;guarea_gui;1;1;Jan
poco_12;1;RES;guarea_gui;7;1;Jan
poco_12;2;RES;guarea_gui;3;1;Jan
poco_12;3;RES;guarea_gui;6;1;Jan
poco_12;4;RES;guarea_gui;7;1;Jan
vendaval;4;RES;guarea_gui;3;1;Jan
angela;1;AFS;Inga_edu;7;1;Jan
angela;2;AFS;Inga_edu;5;1;Jan
angela;3;AFS;Inga_edu;1;1;Jan
angela;4;AFS;Inga_edu;1;1;Jan
cecilia;1;AFS;Inga_edu;5;1;Jan
cecilia;2;AFS;Inga_edu;4;1;Jan
cecilia;3;AFS;Inga_edu;2;1;Jan
cecilia;4;AFS;Inga_edu;4;1;Jan
cecilia;5;AFS;Inga_edu;3;1;Jan
cecilia;6;AFS;Inga_edu;4;1;Jan
mico;2;RES;Inga_edu;2;1;Jan
mico;4;RES;Inga_edu;1;1;Jan
vendaval;1;RES;Inga_edu;1;1;Jan
vendaval;2;RES;Inga_edu;4;1;Jan
vendaval;3;RES;Inga_edu;1;1;Jan
vendaval;4;RES;Inga_edu;1;1;Jan
ataliba;1;AFS;Inga_lau;2;0;Jan
ataliba;2;AFS;Inga_lau;1;0;Jan
ataliba;3;AFS;Inga_lau;1;0;Jan
ataliba;4;AFS;Inga_lau;1;0;Jan
cecilia;3;AFS;Inga_lau;3;0;Jan
cecilia;4;AFS;Inga_lau;1;0;Jan
cecilia;5;AFS;Inga_lau;1;0;Jan
gaucho;2;AFS;Inga_lau;1;0;Jan
gaucho;3;AFS;Inga_lau;1;0;Jan
gaucho;4;AFS;Inga_lau;5;0;Jan
graca;4;AFS;Inga_lau;1;0;Jan
vendaval;1;RES;Inga_lau;2;0;Jan
vendaval;2;RES;Inga_lau;4;0;Jan
vendaval;3;RES;Inga_lau;2;0;Jan
vendaval;4;RES;Inga_lau;1;0;Jan
cecilia;1;AFS;Inga_ver;4;1;Jan
cecilia;2;AFS;Inga_ver;2;1;Jan
cecilia;3;AFS;Inga_ver;3;1;Jan
cecilia;4;AFS;Inga_ver;3;1;Jan
cecilia;5;AFS;Inga_ver;2;1;Jan
cecilia;6;AFS;Inga_ver;2;1;Jan
cecilia_g;1;AFS;Inga_ver;1;1;Jan
cecilia_g;2;AFS;Inga_ver;4;1;Jan
cecilia_g;3;AFS;Inga_ver;3;1;Jan
joao;1;AFS;Luehea_div;1;0;Jan
joao;2;AFS;Luehea_div;2;0;Jan
poco_13;3;RES;Luehea_div;1;0;Jan
poco_13;4;RES;Luehea_div;2;0;Jan
ataliba;1;AFS;Mangifera_ind;3;0;Jan
ataliba;2;AFS;Mangifera_ind;2;0;Jan
ataliba;4;AFS;Mangifera_ind;1;0;Jan
neinha;1;AFS;Mangifera_ind;1;0;Jan
neinha;2;AFS;Miconia_pra;6;1;Jan
neinha;3;AFS;Miconia_pra;6;1;Jan
neinha;4;AFS;Miconia_pra;4;1;Jan
angela;1;AFS;Musa_par;3;1;Jan
angela;2;AFS;Musa_par;4;1;Jan
angela;4;AFS;Musa_par;6;1;Jan
ataliba;1;AFS;Musa_par;1;1;Jan
ataliba;3;AFS;Musa_par;4;1;Jan
cecilia;1;AFS;Musa_par;1;1;Jan
cecilia;2;AFS;Musa_par;4;1;Jan
cecilia;3;AFS;Musa_par;3;1;Jan
cecilia;4;AFS;Musa_par;4;1;Jan
cecilia;5;AFS;Musa_par;3;1;Jan
cecilia;6;AFS;Musa_par;8;1;Jan
cecilia_g;1;AFS;Musa_par;3;1;Jan
cecilia_g;3;AFS;Musa_par;3;1;Jan
cecilia_g;4;AFS;Musa_par;1;1;Jan
graca;2;AFS;Musa_par;2;1;Jan
graca;3;AFS;Musa_par;2;1;Jan
bom_retiro;1;RES;Myrciaria_ten;1;0;Jan
bom_retiro;2;RES;Myrciaria_ten;2;0;Jan
bom_retiro;3;RES;Myrciaria_ten;1;0;Jan
bom_retiro;4;RES;Myrciaria_ten;1;0;Jan
bom_retiro;1;RES;Ocotea_lax ;8;0;Jan
poco_12;2;RES;Ocotea_mac;1;0;Jan
poco_12;3;RES;Ocotea_mac;1;0;Jan
poco_12;4;RES;Ocotea_mac;2;0;Jan
gaucho;1;AFS;Persea_ame;5;0;Jan
gaucho;2;AFS;Persea_ame;8;0;Jan
b_esperanca;1;RES;Piptadenia_gon;2;1;Jan
gaucho;1;AFS;Piptadenia_gon;5;1;Jan
gaucho;2;AFS;Piptadenia_gon;7;1;Jan
gaucho;3;AFS;Piptadenia_gon;12;1;Jan
gaucho;4;AFS;Piptadenia_gon;9;1;Jan
mico;2;RES;Piptadenia_gon;1;1;Jan
são_joao;1;RES;Piptadenia_mac;2;0;Jan
bom_retiro;2;RES;Piptadenia_pan;5;1;Jan
bom_retiro;3;RES;Piptadenia_pan;3;1;Jan
bom_retiro;4;RES;Piptadenia_pan;3;1;Jan
b_esperanca;1;RES;Plathymenia_fol;1;0;Jan
b_esperanca;2;RES;Plathymenia_fol;1;0;Jan
poco_13;4;RES;Plathymenia_fol;1;0;Jan
cecilia_g;1;AFS;Psidium_gua;4;0;Jan
cecilia_g;2;AFS;Psidium_gua;3;0;Jan
cecilia_g;3;AFS;Psidium_gua;4;0;Jan
graca;1;AFS;Psidium_gua;2;0;Jan
graca;4;AFS;Psidium_gua;1;0;Jan
ataliba;2;AFS;Rapanea_fer;2;0;Jan
ataliba;4;AFS;Rapanea_fer;2;0;Jan
b_esperanca;1;RES;Rapanea_fer;3;0;Jan
b_esperanca;2;RES;Rapanea_fer;7;0;Jan
b_esperanca;3;RES;Rapanea_fer;4;0;Jan
b_esperanca;4;RES;Rapanea_fer;6;0;Jan
joao;1;AFS;Rapanea_fer;2;0;Jan
joao;2;AFS;Rapanea_fer;1;0;Jan
joao;3;AFS;Rapanea_fer;1;0;Jan
joao;4;AFS;Rapanea_fer;5;0;Jan
neinha;1;AFS;Rapanea_fer;1;0;Jan
neinha;2;AFS;Rapanea_fer;1;0;Jan
neinha;3;AFS;Rapanea_fer;1;0;Jan
neinha;4;AFS;Rapanea_fer;5;0;Jan
poco_16;3;RES;Rapanea_fer;4;0;Jan
poco_16;4;RES;Rapanea_fer;9;0;Jan
mico;1;RES;Schinus_ter;3;0;Jan
mico;2;RES;Schinus_ter;3;0;Jan
mico;4;RES;Schinus_ter;2;0;Jan
poco_13;3;RES;Schinus_ter;2;0;Jan
poco_13;4;RES;Schinus_ter;2;0;Jan
poco_16;1;RES;Schinus_ter;4;0;Jan
vendaval;3;RES;Schinus_ter;5;0;Jan
vendaval;4;RES;Schinus_ter;2;0;Jan
neinha;1;AFS;Sparattosperma_leu;1;1;Jan
neinha;3;AFS;Sparattosperma_leu;1;1;Jan
neinha;4;AFS;Sparattosperma_leu;1;1;Jan
são_joao;1;RES;Tecoma_sta;3;1;Jan
graca;1;AFS;Theobroma_cac;2;1;Jan
graca;2;AFS;Theobroma_cac;5;1;Jan
graca;3;AFS;Theobroma_cac;1;1;Jan
cecilia;1;AFS;Tibouchina_gra;1;1;Jan
cecilia;5;AFS;Tibouchina_gra;1;1;Jan
graca;1;AFS;Vachellia_far;1;1;Jan
graca;2;AFS;Vachellia_far;1;1;Jan
graca;3;AFS;Vachellia_far;2;1;Jan
graca;4;AFS;Vachellia_far;3;1;Jan
mico;1;RES;Vitex_meg;7;0;Jan
mico;2;RES;Vitex_meg;4;0;Jan
mico;3;RES;Vitex_meg;2;0;Jan
mico;4;RES;Vitex_meg;1;0;Jan
poco_12;2;RES;Vitex_meg;1;0;Jan
poco_13;3;RES;Vitex_meg;1;0;Jan
poco_13;4;RES;Vitex_meg;3;0;Jan
graca;4;AFS;Vochysia_div;3;0;Jan
poco_16;2;RES;Vochysia_div;5;0;Jan
angela;1;AFS;Annona_muc;9;0;Jul
angela;4;AFS;Annona_muc;1;0;Jul
gaucho;1;AFS;Annona_muc;4;0;Jul
gaucho;3;AFS;Annona_muc;1;0;Jul
ataliba;1;AFS;Artocarpus_het;1;0;Jul
ataliba;2;AFS;Artocarpus_het;2;0;Jul
ataliba;3;AFS;Artocarpus_het;3;0;Jul
ataliba;4;AFS;Artocarpus_het;2;0;Jul
cecilia_g;1;AFS;Artocarpus_het;1;0;Jul
cecilia_g;3;AFS;Artocarpus_het;1;0;Jul
angela;1;AFS;Bactris_gas;9;0;Jul
angela;2;AFS;Bactris_gas;9;0;Jul
angela;3;AFS;Bactris_gas;5;0;Jul
angela;4;AFS;Bactris_gas;2;0;Jul
ataliba;1;AFS;Bactris_gas;4;0;Jul
ataliba;3;AFS;Bactris_gas;1;0;Jul
ataliba;4;AFS;Bactris_gas;3;0;Jul
cecilia_g;2;AFS;Bactris_gas;2;0;Jul
cecilia_g;3;AFS;Bactris_gas;1;0;Jul
cecilia_g;4;AFS;Bactris_gas;2;0;Jul
joao;1;AFS;Bactris_gas;3;0;Jul
joao;2;AFS;Bactris_gas;7;0;Jul
joao;3;AFS;Bactris_gas;8;0;Jul
joao;4;AFS;Bactris_gas;2;0;Jul
neinha;1;AFS;Bactris_gas;3;0;Jul
neinha;2;AFS;Bactris_gas;1;0;Jul
neinha;3;AFS;Bactris_gas;12;0;Jul
neinha;4;AFS;Bactris_gas;3;0;Jul
joao;1;AFS;Cecropia_hol;2;1;Jul
joao;3;AFS;Cecropia_hol;1;1;Jul
joao;4;AFS;Cecropia_hol;1;1;Jul
neinha;3;AFS;Cecropia_hol;1;1;Jul
neinha;4;AFS;Cecropia_hol;2;1;Jul
são_joao;2;RES;Ceiba_spe;1;1;Jul
cecilia;1;AFS;Citrus_ret;3;0;Jul
cecilia;2;AFS;Citrus_ret;5;0;Jul
cecilia;3;AFS;Citrus_ret;7;0;Jul
cecilia;1;AFS;Citrus_sin;6;0;Jul
cecilia;4;AFS;Citrus_sin;5;0;Jul
são_joao;3;RES;Clitoria_fai;1;0;Jul
neinha;1;AFS;Cocos_nuc;1;0;Jul
neinha;2;AFS;Cocos_nuc;2;0;Jul
joao;1;AFS;Cupania_ver;3;0;Jul
joao;2;AFS;Cupania_ver;2;0;Jul
joao;3;AFS;Cupania_ver;2;0;Jul
joao;4;AFS;Cupania_ver;2;0;Jul
neinha;3;AFS;Cupania_ver;2;0;Jul
neinha;4;AFS;Cupania_ver;2;0;Jul
ataliba;1;AFS;Euterpe_edu;1;0;Jul
ataliba;2;AFS;Euterpe_edu;4;0;Jul
ataliba;3;AFS;Euterpe_edu;1;0;Jul
ataliba;2;AFS;guarea_gui;4;0;Jul
ataliba;3;AFS;guarea_gui;1;0;Jul
ataliba;4;AFS;guarea_gui;1;0;Jul
poco_12;1;RES;guarea_gui;7;0;Jul
poco_12;2;RES;guarea_gui;3;0;Jul
poco_12;3;RES;guarea_gui;6;0;Jul
poco_12;4;RES;guarea_gui;7;0;Jul
vendaval;4;RES;guarea_gui;3;0;Jul
angela;1;AFS;Inga_edu;7;0;Jul
angela;2;AFS;Inga_edu;5;0;Jul
angela;3;AFS;Inga_edu;1;0;Jul
angela;4;AFS;Inga_edu;1;0;Jul
cecilia;1;AFS;Inga_edu;5;0;Jul
cecilia;2;AFS;Inga_edu;4;0;Jul
cecilia;3;AFS;Inga_edu;2;0;Jul
cecilia;4;AFS;Inga_edu;4;0;Jul
cecilia;5;AFS;Inga_edu;3;0;Jul
cecilia;6;AFS;Inga_edu;4;0;Jul
mico;2;RES;Inga_edu;2;0;Jul
mico;4;RES;Inga_edu;1;0;Jul
vendaval;1;RES;Inga_edu;1;0;Jul
vendaval;2;RES;Inga_edu;4;0;Jul
vendaval;3;RES;Inga_edu;1;0;Jul
vendaval;4;RES;Inga_edu;1;0;Jul
ataliba;1;AFS;Inga_lau;2;1;Jul
ataliba;2;AFS;Inga_lau;1;1;Jul
ataliba;3;AFS;Inga_lau;1;1;Jul
ataliba;4;AFS;Inga_lau;1;1;Jul
cecilia;3;AFS;Inga_lau;3;1;Jul
cecilia;4;AFS;Inga_lau;1;1;Jul
cecilia;5;AFS;Inga_lau;1;1;Jul
gaucho;2;AFS;Inga_lau;1;1;Jul
gaucho;3;AFS;Inga_lau;1;1;Jul
gaucho;4;AFS;Inga_lau;5;1;Jul
graca;4;AFS;Inga_lau;1;1;Jul
vendaval;1;RES;Inga_lau;2;1;Jul
vendaval;2;RES;Inga_lau;4;1;Jul
vendaval;3;RES;Inga_lau;2;1;Jul
vendaval;4;RES;Inga_lau;1;1;Jul
cecilia;1;AFS;Inga_ver;4;0;Jul
cecilia;2;AFS;Inga_ver;2;0;Jul
cecilia;3;AFS;Inga_ver;3;0;Jul
cecilia;4;AFS;Inga_ver;3;0;Jul
cecilia;5;AFS;Inga_ver;2;0;Jul
cecilia;6;AFS;Inga_ver;2;0;Jul
cecilia_g;1;AFS;Inga_ver;1;0;Jul
cecilia_g;2;AFS;Inga_ver;4;0;Jul
cecilia_g;3;AFS;Inga_ver;3;0;Jul
joao;1;AFS;Luehea_div;1;1;Jul
joao;2;AFS;Luehea_div;2;1;Jul
poco_13;3;RES;Luehea_div;1;1;Jul
poco_13;4;RES;Luehea_div;2;1;Jul
ataliba;1;AFS;Mangifera_ind;3;1;Jul
ataliba;2;AFS;Mangifera_ind;2;1;Jul
ataliba;4;AFS;Mangifera_ind;1;1;Jul
neinha;1;AFS;Mangifera_ind;1;1;Jul
neinha;2;AFS;Miconia_pra;6;1;Jul
neinha;3;AFS;Miconia_pra;6;1;Jul
neinha;4;AFS;Miconia_pra;4;1;Jul
angela;1;AFS;Musa_par;3;1;Jul
angela;2;AFS;Musa_par;4;1;Jul
angela;4;AFS;Musa_par;6;1;Jul
ataliba;1;AFS;Musa_par;1;1;Jul
ataliba;3;AFS;Musa_par;4;1;Jul
cecilia;1;AFS;Musa_par;1;1;Jul
cecilia;2;AFS;Musa_par;4;1;Jul
cecilia;3;AFS;Musa_par;3;1;Jul
cecilia;4;AFS;Musa_par;4;1;Jul
cecilia;5;AFS;Musa_par;3;1;Jul
cecilia;6;AFS;Musa_par;8;1;Jul
cecilia_g;1;AFS;Musa_par;3;1;Jul
cecilia_g;3;AFS;Musa_par;3;1;Jul
cecilia_g;4;AFS;Musa_par;1;1;Jul
graca;2;AFS;Musa_par;2;1;Jul
graca;3;AFS;Musa_par;2;1;Jul
bom_retiro;1;RES;Myrciaria_ten;1;0;Jul
bom_retiro;2;RES;Myrciaria_ten;2;0;Jul
bom_retiro;3;RES;Myrciaria_ten;1;0;Jul
bom_retiro;4;RES;Myrciaria_ten;1;0;Jul
bom_retiro;1;RES;Ocotea_lax ;8;1;Jul
poco_12;2;RES;Ocotea_mac;1;0;Jul
poco_12;3;RES;Ocotea_mac;1;0;Jul
poco_12;4;RES;Ocotea_mac;2;0;Jul
gaucho;1;AFS;Persea_ame;5;1;Jul
gaucho;2;AFS;Persea_ame;8;1;Jul
b_esperanca;1;RES;Piptadenia_gon;2;0;Jul
gaucho;1;AFS;Piptadenia_gon;5;0;Jul
gaucho;2;AFS;Piptadenia_gon;7;0;Jul
gaucho;3;AFS;Piptadenia_gon;12;0;Jul
gaucho;4;AFS;Piptadenia_gon;9;0;Jul
mico;2;RES;Piptadenia_gon;1;0;Jul
são_joao;1;RES;Piptadenia_mac;2;0;Jul
bom_retiro;2;RES;Piptadenia_pan;5;0;Jul
bom_retiro;3;RES;Piptadenia_pan;3;0;Jul
bom_retiro;4;RES;Piptadenia_pan;3;0;Jul
b_esperanca;1;RES;Plathymenia_fol;1;0;Jul
b_esperanca;2;RES;Plathymenia_fol;1;0;Jul
poco_13;4;RES;Plathymenia_fol;1;0;Jul
cecilia_g;1;AFS;Psidium_gua;4;0;Jul
cecilia_g;2;AFS;Psidium_gua;3;0;Jul
cecilia_g;3;AFS;Psidium_gua;4;0;Jul
graca;1;AFS;Psidium_gua;2;0;Jul
graca;4;AFS;Psidium_gua;1;0;Jul
ataliba;2;AFS;Rapanea_fer;2;0;Jul
ataliba;4;AFS;Rapanea_fer;2;0;Jul
b_esperanca;1;RES;Rapanea_fer;3;0;Jul
b_esperanca;2;RES;Rapanea_fer;7;0;Jul
b_esperanca;3;RES;Rapanea_fer;4;0;Jul
b_esperanca;4;RES;Rapanea_fer;6;0;Jul
joao;1;AFS;Rapanea_fer;2;0;Jul
joao;2;AFS;Rapanea_fer;1;0;Jul
joao;3;AFS;Rapanea_fer;1;0;Jul
joao;4;AFS;Rapanea_fer;5;0;Jul
neinha;1;AFS;Rapanea_fer;1;0;Jul
neinha;2;AFS;Rapanea_fer;1;0;Jul
neinha;3;AFS;Rapanea_fer;1;0;Jul
neinha;4;AFS;Rapanea_fer;5;0;Jul
poco_16;3;RES;Rapanea_fer;4;0;Jul
poco_16;4;RES;Rapanea_fer;9;0;Jul
mico;1;RES;Schinus_ter;3;0;Jul
mico;2;RES;Schinus_ter;3;0;Jul
mico;4;RES;Schinus_ter;2;0;Jul
poco_13;3;RES;Schinus_ter;2;0;Jul
poco_13;4;RES;Schinus_ter;2;0;Jul
poco_16;1;RES;Schinus_ter;4;0;Jul
vendaval;3;RES;Schinus_ter;5;0;Jul
vendaval;4;RES;Schinus_ter;2;0;Jul
neinha;1;AFS;Sparattosperma_leu;1;0;Jul
neinha;3;AFS;Sparattosperma_leu;1;0;Jul
neinha;4;AFS;Sparattosperma_leu;1;0;Jul
são_joao;1;RES;Tecoma_sta;3;1;Jul
graca;1;AFS;Theobroma_cac;2;0;Jul
graca;2;AFS;Theobroma_cac;5;0;Jul
graca;3;AFS;Theobroma_cac;1;0;Jul
cecilia;1;AFS;Tibouchina_gra;1;1;Jul
cecilia;5;AFS;Tibouchina_gra;1;1;Jul
graca;1;AFS;Vachellia_far;1;1;Jul
graca;2;AFS;Vachellia_far;1;1;Jul
graca;3;AFS;Vachellia_far;2;1;Jul
graca;4;AFS;Vachellia_far;3;1;Jul
mico;1;RES;Vitex_meg;7;0;Jul
mico;2;RES;Vitex_meg;4;0;Jul
mico;3;RES;Vitex_meg;2;0;Jul
mico;4;RES;Vitex_meg;1;0;Jul
poco_12;2;RES;Vitex_meg;1;0;Jul
poco_13;3;RES;Vitex_meg;1;0;Jul
poco_13;4;RES;Vitex_meg;3;0;Jul
graca;4;AFS;Vochysia_div;3;1;Jul
poco_16;2;RES;Vochysia_div;5;1;Jul
angela;1;AFS;Annona_muc;9;0;Jun
angela;4;AFS;Annona_muc;1;0;Jun
gaucho;1;AFS;Annona_muc;4;0;Jun
gaucho;3;AFS;Annona_muc;1;0;Jun
ataliba;1;AFS;Artocarpus_het;1;0;Jun
ataliba;2;AFS;Artocarpus_het;2;0;Jun
ataliba;3;AFS;Artocarpus_het;3;0;Jun
ataliba;4;AFS;Artocarpus_het;2;0;Jun
cecilia_g;1;AFS;Artocarpus_het;1;0;Jun
cecilia_g;3;AFS;Artocarpus_het;1;0;Jun
angela;1;AFS;Bactris_gas;9;0;Jun
angela;2;AFS;Bactris_gas;9;0;Jun
angela;3;AFS;Bactris_gas;5;0;Jun
angela;4;AFS;Bactris_gas;2;0;Jun
ataliba;1;AFS;Bactris_gas;4;0;Jun
ataliba;3;AFS;Bactris_gas;1;0;Jun
ataliba;4;AFS;Bactris_gas;3;0;Jun
cecilia_g;2;AFS;Bactris_gas;2;0;Jun
cecilia_g;3;AFS;Bactris_gas;1;0;Jun
cecilia_g;4;AFS;Bactris_gas;2;0;Jun
joao;1;AFS;Bactris_gas;3;0;Jun
joao;2;AFS;Bactris_gas;7;0;Jun
joao;3;AFS;Bactris_gas;8;0;Jun
joao;4;AFS;Bactris_gas;2;0;Jun
neinha;1;AFS;Bactris_gas;3;0;Jun
neinha;2;AFS;Bactris_gas;1;0;Jun
neinha;3;AFS;Bactris_gas;12;0;Jun
neinha;4;AFS;Bactris_gas;3;0;Jun
joao;1;AFS;Cecropia_hol;2;1;Jun
joao;3;AFS;Cecropia_hol;1;1;Jun
joao;4;AFS;Cecropia_hol;1;1;Jun
neinha;3;AFS;Cecropia_hol;1;1;Jun
neinha;4;AFS;Cecropia_hol;2;1;Jun
são_joao;2;RES;Ceiba_spe;1;1;Jun
cecilia;1;AFS;Citrus_ret;3;0;Jun
cecilia;2;AFS;Citrus_ret;5;0;Jun
cecilia;3;AFS;Citrus_ret;7;0;Jun
cecilia;1;AFS;Citrus_sin;6;0;Jun
cecilia;4;AFS;Citrus_sin;5;0;Jun
são_joao;3;RES;Clitoria_fai;1;0;Jun
neinha;1;AFS;Cocos_nuc;1;0;Jun
neinha;2;AFS;Cocos_nuc;2;0;Jun
joao;1;AFS;Cupania_ver;3;0;Jun
joao;2;AFS;Cupania_ver;2;0;Jun
joao;3;AFS;Cupania_ver;2;0;Jun
joao;4;AFS;Cupania_ver;2;0;Jun
neinha;3;AFS;Cupania_ver;2;0;Jun
neinha;4;AFS;Cupania_ver;2;0;Jun
ataliba;1;AFS;Euterpe_edu;1;0;Jun
ataliba;2;AFS;Euterpe_edu;4;0;Jun
ataliba;3;AFS;Euterpe_edu;1;0;Jun
ataliba;2;AFS;guarea_gui;4;0;Jun
ataliba;3;AFS;guarea_gui;1;0;Jun
ataliba;4;AFS;guarea_gui;1;0;Jun
poco_12;1;RES;guarea_gui;7;0;Jun
poco_12;2;RES;guarea_gui;3;0;Jun
poco_12;3;RES;guarea_gui;6;0;Jun
poco_12;4;RES;guarea_gui;7;0;Jun
vendaval;4;RES;guarea_gui;3;0;Jun
angela;1;AFS;Inga_edu;7;0;Jun
angela;2;AFS;Inga_edu;5;0;Jun
angela;3;AFS;Inga_edu;1;0;Jun
angela;4;AFS;Inga_edu;1;0;Jun
cecilia;1;AFS;Inga_edu;5;0;Jun
cecilia;2;AFS;Inga_edu;4;0;Jun
cecilia;3;AFS;Inga_edu;2;0;Jun
cecilia;4;AFS;Inga_edu;4;0;Jun
cecilia;5;AFS;Inga_edu;3;0;Jun
cecilia;6;AFS;Inga_edu;4;0;Jun
mico;2;RES;Inga_edu;2;0;Jun
mico;4;RES;Inga_edu;1;0;Jun
vendaval;1;RES;Inga_edu;1;0;Jun
vendaval;2;RES;Inga_edu;4;0;Jun
vendaval;3;RES;Inga_edu;1;0;Jun
vendaval;4;RES;Inga_edu;1;0;Jun
ataliba;1;AFS;Inga_lau;2;1;Jun
ataliba;2;AFS;Inga_lau;1;1;Jun
ataliba;3;AFS;Inga_lau;1;1;Jun
ataliba;4;AFS;Inga_lau;1;1;Jun
cecilia;3;AFS;Inga_lau;3;1;Jun
cecilia;4;AFS;Inga_lau;1;1;Jun
cecilia;5;AFS;Inga_lau;1;1;Jun
gaucho;2;AFS;Inga_lau;1;1;Jun
gaucho;3;AFS;Inga_lau;1;1;Jun
gaucho;4;AFS;Inga_lau;5;1;Jun
graca;4;AFS;Inga_lau;1;1;Jun
vendaval;1;RES;Inga_lau;2;1;Jun
vendaval;2;RES;Inga_lau;4;1;Jun
vendaval;3;RES;Inga_lau;2;1;Jun
vendaval;4;RES;Inga_lau;1;1;Jun
cecilia;1;AFS;Inga_ver;4;0;Jun
cecilia;2;AFS;Inga_ver;2;0;Jun
cecilia;3;AFS;Inga_ver;3;0;Jun
cecilia;4;AFS;Inga_ver;3;0;Jun
cecilia;5;AFS;Inga_ver;2;0;Jun
cecilia;6;AFS;Inga_ver;2;0;Jun
cecilia_g;1;AFS;Inga_ver;1;0;Jun
cecilia_g;2;AFS;Inga_ver;4;0;Jun
cecilia_g;3;AFS;Inga_ver;3;0;Jun
joao;1;AFS;Luehea_div;1;0;Jun
joao;2;AFS;Luehea_div;2;0;Jun
poco_13;3;RES;Luehea_div;1;0;Jun
poco_13;4;RES;Luehea_div;2;0;Jun
ataliba;1;AFS;Mangifera_ind;3;1;Jun
ataliba;2;AFS;Mangifera_ind;2;1;Jun
ataliba;4;AFS;Mangifera_ind;1;1;Jun
neinha;1;AFS;Mangifera_ind;1;1;Jun
neinha;2;AFS;Miconia_pra;6;1;Jun
neinha;3;AFS;Miconia_pra;6;1;Jun
neinha;4;AFS;Miconia_pra;4;1;Jun
angela;1;AFS;Musa_par;3;1;Jun
angela;2;AFS;Musa_par;4;1;Jun
angela;4;AFS;Musa_par;6;1;Jun
ataliba;1;AFS;Musa_par;1;1;Jun
ataliba;3;AFS;Musa_par;4;1;Jun
cecilia;1;AFS;Musa_par;1;1;Jun
cecilia;2;AFS;Musa_par;4;1;Jun
cecilia;3;AFS;Musa_par;3;1;Jun
cecilia;4;AFS;Musa_par;4;1;Jun
cecilia;5;AFS;Musa_par;3;1;Jun
cecilia;6;AFS;Musa_par;8;1;Jun
cecilia_g;1;AFS;Musa_par;3;1;Jun
cecilia_g;3;AFS;Musa_par;3;1;Jun
cecilia_g;4;AFS;Musa_par;1;1;Jun
graca;2;AFS;Musa_par;2;1;Jun
graca;3;AFS;Musa_par;2;1;Jun
bom_retiro;1;RES;Myrciaria_ten;1;0;Jun
bom_retiro;2;RES;Myrciaria_ten;2;0;Jun
bom_retiro;3;RES;Myrciaria_ten;1;0;Jun
bom_retiro;4;RES;Myrciaria_ten;1;0;Jun
bom_retiro;1;RES;Ocotea_lax ;8;1;Jun
poco_12;2;RES;Ocotea_mac;1;0;Jun
poco_12;3;RES;Ocotea_mac;1;0;Jun
poco_12;4;RES;Ocotea_mac;2;0;Jun
gaucho;1;AFS;Persea_ame;5;0;Jun
gaucho;2;AFS;Persea_ame;8;0;Jun
b_esperanca;1;RES;Piptadenia_gon;2;0;Jun
gaucho;1;AFS;Piptadenia_gon;5;0;Jun
gaucho;2;AFS;Piptadenia_gon;7;0;Jun
gaucho;3;AFS;Piptadenia_gon;12;0;Jun
gaucho;4;AFS;Piptadenia_gon;9;0;Jun
mico;2;RES;Piptadenia_gon;1;0;Jun
são_joao;1;RES;Piptadenia_mac;2;0;Jun
bom_retiro;2;RES;Piptadenia_pan;5;0;Jun
bom_retiro;3;RES;Piptadenia_pan;3;0;Jun
bom_retiro;4;RES;Piptadenia_pan;3;0;Jun
b_esperanca;1;RES;Plathymenia_fol;1;0;Jun
b_esperanca;2;RES;Plathymenia_fol;1;0;Jun
poco_13;4;RES;Plathymenia_fol;1;0;Jun
cecilia_g;1;AFS;Psidium_gua;4;0;Jun
cecilia_g;2;AFS;Psidium_gua;3;0;Jun
cecilia_g;3;AFS;Psidium_gua;4;0;Jun
graca;1;AFS;Psidium_gua;2;0;Jun
graca;4;AFS;Psidium_gua;1;0;Jun
ataliba;2;AFS;Rapanea_fer;2;1;Jun
ataliba;4;AFS;Rapanea_fer;2;1;Jun
b_esperanca;1;RES;Rapanea_fer;3;1;Jun
b_esperanca;2;RES;Rapanea_fer;7;1;Jun
b_esperanca;3;RES;Rapanea_fer;4;1;Jun
b_esperanca;4;RES;Rapanea_fer;6;1;Jun
joao;1;AFS;Rapanea_fer;2;1;Jun
joao;2;AFS;Rapanea_fer;1;1;Jun
joao;3;AFS;Rapanea_fer;1;1;Jun
joao;4;AFS;Rapanea_fer;5;1;Jun
neinha;1;AFS;Rapanea_fer;1;1;Jun
neinha;2;AFS;Rapanea_fer;1;1;Jun
neinha;3;AFS;Rapanea_fer;1;1;Jun
neinha;4;AFS;Rapanea_fer;5;1;Jun
poco_16;3;RES;Rapanea_fer;4;1;Jun
poco_16;4;RES;Rapanea_fer;9;1;Jun
mico;1;RES;Schinus_ter;3;1;Jun
mico;2;RES;Schinus_ter;3;1;Jun
mico;4;RES;Schinus_ter;2;1;Jun
poco_13;3;RES;Schinus_ter;2;1;Jun
poco_13;4;RES;Schinus_ter;2;1;Jun
poco_16;1;RES;Schinus_ter;4;1;Jun
vendaval;3;RES;Schinus_ter;5;1;Jun
vendaval;4;RES;Schinus_ter;2;1;Jun
neinha;1;AFS;Sparattosperma_leu;1;0;Jun
neinha;3;AFS;Sparattosperma_leu;1;0;Jun
neinha;4;AFS;Sparattosperma_leu;1;0;Jun
são_joao;1;RES;Tecoma_sta;3;1;Jun
graca;1;AFS;Theobroma_cac;2;0;Jun
graca;2;AFS;Theobroma_cac;5;0;Jun
graca;3;AFS;Theobroma_cac;1;0;Jun
cecilia;1;AFS;Tibouchina_gra;1;1;Jun
cecilia;5;AFS;Tibouchina_gra;1;1;Jun
graca;1;AFS;Vachellia_far;1;0;Jun
graca;2;AFS;Vachellia_far;1;0;Jun
graca;3;AFS;Vachellia_far;2;0;Jun
graca;4;AFS;Vachellia_far;3;0;Jun
mico;1;RES;Vitex_meg;7;0;Jun
mico;2;RES;Vitex_meg;4;0;Jun
mico;3;RES;Vitex_meg;2;0;Jun
mico;4;RES;Vitex_meg;1;0;Jun
poco_12;2;RES;Vitex_meg;1;0;Jun
poco_13;3;RES;Vitex_meg;1;0;Jun
poco_13;4;RES;Vitex_meg;3;0;Jun
graca;4;AFS;Vochysia_div;3;0;Jun
poco_16;2;RES;Vochysia_div;5;0;Jun
angela;1;AFS;Annona_muc;9;0;May
angela;4;AFS;Annona_muc;1;0;May
gaucho;1;AFS;Annona_muc;4;0;May
gaucho;3;AFS;Annona_muc;1;0;May
ataliba;1;AFS;Artocarpus_het;1;0;May
ataliba;2;AFS;Artocarpus_het;2;0;May
ataliba;3;AFS;Artocarpus_het;3;0;May
ataliba;4;AFS;Artocarpus_het;2;0;May
cecilia_g;1;AFS;Artocarpus_het;1;0;May
cecilia_g;3;AFS;Artocarpus_het;1;0;May
angela;1;AFS;Bactris_gas;9;0;May
angela;2;AFS;Bactris_gas;9;0;May
angela;3;AFS;Bactris_gas;5;0;May
angela;4;AFS;Bactris_gas;2;0;May
ataliba;1;AFS;Bactris_gas;4;0;May
ataliba;3;AFS;Bactris_gas;1;0;May
ataliba;4;AFS;Bactris_gas;3;0;May
cecilia_g;2;AFS;Bactris_gas;2;0;May
cecilia_g;3;AFS;Bactris_gas;1;0;May
cecilia_g;4;AFS;Bactris_gas;2;0;May
joao;1;AFS;Bactris_gas;3;0;May
joao;2;AFS;Bactris_gas;7;0;May
joao;3;AFS;Bactris_gas;8;0;May
joao;4;AFS;Bactris_gas;2;0;May
neinha;1;AFS;Bactris_gas;3;0;May
neinha;2;AFS;Bactris_gas;1;0;May
neinha;3;AFS;Bactris_gas;12;0;May
neinha;4;AFS;Bactris_gas;3;0;May
joao;1;AFS;Cecropia_hol;2;1;May
joao;3;AFS;Cecropia_hol;1;1;May
joao;4;AFS;Cecropia_hol;1;1;May
neinha;3;AFS;Cecropia_hol;1;1;May
neinha;4;AFS;Cecropia_hol;2;1;May
são_joao;2;RES;Ceiba_spe;1;1;May
cecilia;1;AFS;Citrus_ret;3;1;May
cecilia;2;AFS;Citrus_ret;5;1;May
cecilia;3;AFS;Citrus_ret;7;1;May
cecilia;1;AFS;Citrus_sin;6;0;May
cecilia;4;AFS;Citrus_sin;5;0;May
são_joao;3;RES;Clitoria_fai;1;0;May
neinha;1;AFS;Cocos_nuc;1;0;May
neinha;2;AFS;Cocos_nuc;2;0;May
joao;1;AFS;Cupania_ver;3;0;May
joao;2;AFS;Cupania_ver;2;0;May
joao;3;AFS;Cupania_ver;2;0;May
joao;4;AFS;Cupania_ver;2;0;May
neinha;3;AFS;Cupania_ver;2;0;May
neinha;4;AFS;Cupania_ver;2;0;May
ataliba;1;AFS;Euterpe_edu;1;0;May
ataliba;2;AFS;Euterpe_edu;4;0;May
ataliba;3;AFS;Euterpe_edu;1;0;May
ataliba;2;AFS;guarea_gui;4;0;May
ataliba;3;AFS;guarea_gui;1;0;May
ataliba;4;AFS;guarea_gui;1;0;May
poco_12;1;RES;guarea_gui;7;0;May
poco_12;2;RES;guarea_gui;3;0;May
poco_12;3;RES;guarea_gui;6;0;May
poco_12;4;RES;guarea_gui;7;0;May
vendaval;4;RES;guarea_gui;3;0;May
angela;1;AFS;Inga_edu;7;0;May
angela;2;AFS;Inga_edu;5;0;May
angela;3;AFS;Inga_edu;1;0;May
angela;4;AFS;Inga_edu;1;0;May
cecilia;1;AFS;Inga_edu;5;0;May
cecilia;2;AFS;Inga_edu;4;0;May
cecilia;3;AFS;Inga_edu;2;0;May
cecilia;4;AFS;Inga_edu;4;0;May
cecilia;5;AFS;Inga_edu;3;0;May
cecilia;6;AFS;Inga_edu;4;0;May
mico;2;RES;Inga_edu;2;0;May
mico;4;RES;Inga_edu;1;0;May
vendaval;1;RES;Inga_edu;1;0;May
vendaval;2;RES;Inga_edu;4;0;May
vendaval;3;RES;Inga_edu;1;0;May
vendaval;4;RES;Inga_edu;1;0;May
ataliba;1;AFS;Inga_lau;2;1;May
ataliba;2;AFS;Inga_lau;1;1;May
ataliba;3;AFS;Inga_lau;1;1;May
ataliba;4;AFS;Inga_lau;1;1;May
cecilia;3;AFS;Inga_lau;3;1;May
cecilia;4;AFS;Inga_lau;1;1;May
cecilia;5;AFS;Inga_lau;1;1;May
gaucho;2;AFS;Inga_lau;1;1;May
gaucho;3;AFS;Inga_lau;1;1;May
gaucho;4;AFS;Inga_lau;5;1;May
graca;4;AFS;Inga_lau;1;1;May
vendaval;1;RES;Inga_lau;2;1;May
vendaval;2;RES;Inga_lau;4;1;May
vendaval;3;RES;Inga_lau;2;1;May
vendaval;4;RES;Inga_lau;1;1;May
cecilia;1;AFS;Inga_ver;4;1;May
cecilia;2;AFS;Inga_ver;2;1;May
cecilia;3;AFS;Inga_ver;3;1;May
cecilia;4;AFS;Inga_ver;3;1;May
cecilia;5;AFS;Inga_ver;2;1;May
cecilia;6;AFS;Inga_ver;2;1;May
cecilia_g;1;AFS;Inga_ver;1;1;May
cecilia_g;2;AFS;Inga_ver;4;1;May
cecilia_g;3;AFS;Inga_ver;3;1;May
joao;1;AFS;Luehea_div;1;1;May
joao;2;AFS;Luehea_div;2;1;May
poco_13;3;RES;Luehea_div;1;1;May
poco_13;4;RES;Luehea_div;2;1;May
ataliba;1;AFS;Mangifera_ind;3;1;May
ataliba;2;AFS;Mangifera_ind;2;1;May
ataliba;4;AFS;Mangifera_ind;1;1;May
neinha;1;AFS;Mangifera_ind;1;1;May
neinha;2;AFS;Miconia_pra;6;0;May
neinha;3;AFS;Miconia_pra;6;0;May
neinha;4;AFS;Miconia_pra;4;0;May
angela;1;AFS;Musa_par;3;1;May
angela;2;AFS;Musa_par;4;1;May
angela;4;AFS;Musa_par;6;1;May
ataliba;1;AFS;Musa_par;1;1;May
ataliba;3;AFS;Musa_par;4;1;May
cecilia;1;AFS;Musa_par;1;1;May
cecilia;2;AFS;Musa_par;4;1;May
cecilia;3;AFS;Musa_par;3;1;May
cecilia;4;AFS;Musa_par;4;1;May
cecilia;5;AFS;Musa_par;3;1;May
cecilia;6;AFS;Musa_par;8;1;May
cecilia_g;1;AFS;Musa_par;3;1;May
cecilia_g;3;AFS;Musa_par;3;1;May
cecilia_g;4;AFS;Musa_par;1;1;May
graca;2;AFS;Musa_par;2;1;May
graca;3;AFS;Musa_par;2;1;May
bom_retiro;1;RES;Myrciaria_ten;1;0;May
bom_retiro;2;RES;Myrciaria_ten;2;0;May
bom_retiro;3;RES;Myrciaria_ten;1;0;May
bom_retiro;4;RES;Myrciaria_ten;1;0;May
bom_retiro;1;RES;Ocotea_lax ;8;0;May
poco_12;2;RES;Ocotea_mac;1;0;May
poco_12;3;RES;Ocotea_mac;1;0;May
poco_12;4;RES;Ocotea_mac;2;0;May
gaucho;1;AFS;Persea_ame;5;1;May
gaucho;2;AFS;Persea_ame;8;1;May
b_esperanca;1;RES;Piptadenia_gon;2;0;May
gaucho;1;AFS;Piptadenia_gon;5;0;May
gaucho;2;AFS;Piptadenia_gon;7;0;May
gaucho;3;AFS;Piptadenia_gon;12;0;May
gaucho;4;AFS;Piptadenia_gon;9;0;May
mico;2;RES;Piptadenia_gon;1;0;May
são_joao;1;RES;Piptadenia_mac;2;0;May
bom_retiro;2;RES;Piptadenia_pan;5;0;May
bom_retiro;3;RES;Piptadenia_pan;3;0;May
bom_retiro;4;RES;Piptadenia_pan;3;0;May
b_esperanca;1;RES;Plathymenia_fol;1;0;May
b_esperanca;2;RES;Plathymenia_fol;1;0;May
poco_13;4;RES;Plathymenia_fol;1;0;May
cecilia_g;1;AFS;Psidium_gua;4;0;May
cecilia_g;2;AFS;Psidium_gua;3;0;May
cecilia_g;3;AFS;Psidium_gua;4;0;May
graca;1;AFS;Psidium_gua;2;0;May
graca;4;AFS;Psidium_gua;1;0;May
ataliba;2;AFS;Rapanea_fer;2;1;May
ataliba;4;AFS;Rapanea_fer;2;1;May
b_esperanca;1;RES;Rapanea_fer;3;1;May
b_esperanca;2;RES;Rapanea_fer;7;1;May
b_esperanca;3;RES;Rapanea_fer;4;1;May
b_esperanca;4;RES;Rapanea_fer;6;1;May
joao;1;AFS;Rapanea_fer;2;1;May
joao;2;AFS;Rapanea_fer;1;1;May
joao;3;AFS;Rapanea_fer;1;1;May
joao;4;AFS;Rapanea_fer;5;1;May
neinha;1;AFS;Rapanea_fer;1;1;May
neinha;2;AFS;Rapanea_fer;1;1;May
neinha;3;AFS;Rapanea_fer;1;1;May
neinha;4;AFS;Rapanea_fer;5;1;May
poco_16;3;RES;Rapanea_fer;4;1;May
poco_16;4;RES;Rapanea_fer;9;1;May
mico;1;RES;Schinus_ter;3;1;May
mico;2;RES;Schinus_ter;3;1;May
mico;4;RES;Schinus_ter;2;1;May
poco_13;3;RES;Schinus_ter;2;1;May
poco_13;4;RES;Schinus_ter;2;1;May
poco_16;1;RES;Schinus_ter;4;1;May
vendaval;3;RES;Schinus_ter;5;1;May
vendaval;4;RES;Schinus_ter;2;1;May
neinha;1;AFS;Sparattosperma_leu;1;0;May
neinha;3;AFS;Sparattosperma_leu;1;0;May
neinha;4;AFS;Sparattosperma_leu;1;0;May
são_joao;1;RES;Tecoma_sta;3;1;May
graca;1;AFS;Theobroma_cac;2;0;May
graca;2;AFS;Theobroma_cac;5;0;May
graca;3;AFS;Theobroma_cac;1;0;May
cecilia;1;AFS;Tibouchina_gra;1;0;May
cecilia;5;AFS;Tibouchina_gra;1;0;May
graca;1;AFS;Vachellia_far;1;0;May
graca;2;AFS;Vachellia_far;1;0;May
graca;3;AFS;Vachellia_far;2;0;May
graca;4;AFS;Vachellia_far;3;0;May
mico;1;RES;Vitex_meg;7;0;May
mico;2;RES;Vitex_meg;4;0;May
mico;3;RES;Vitex_meg;2;0;May
mico;4;RES;Vitex_meg;1;0;May
poco_12;2;RES;Vitex_meg;1;0;May
poco_13;3;RES;Vitex_meg;1;0;May
poco_13;4;RES;Vitex_meg;3;0;May
graca;4;AFS;Vochysia_div;3;0;May
poco_16;2;RES;Vochysia_div;5;0;May
angela;1;AFS;Annona_muc;9;0;Mar
angela;4;AFS;Annona_muc;1;0;Mar
gaucho;1;AFS;Annona_muc;4;0;Mar
gaucho;3;AFS;Annona_muc;1;0;Mar
ataliba;1;AFS;Artocarpus_het;1;0;Mar
ataliba;2;AFS;Artocarpus_het;2;0;Mar
ataliba;3;AFS;Artocarpus_het;3;0;Mar
ataliba;4;AFS;Artocarpus_het;2;0;Mar
cecilia_g;1;AFS;Artocarpus_het;1;0;Mar
cecilia_g;3;AFS;Artocarpus_het;1;0;Mar
angela;1;AFS;Bactris_gas;9;0;Mar
angela;2;AFS;Bactris_gas;9;0;Mar
angela;3;AFS;Bactris_gas;5;0;Mar
angela;4;AFS;Bactris_gas;2;0;Mar
ataliba;1;AFS;Bactris_gas;4;0;Mar
ataliba;3;AFS;Bactris_gas;1;0;Mar
ataliba;4;AFS;Bactris_gas;3;0;Mar
cecilia_g;2;AFS;Bactris_gas;2;0;Mar
cecilia_g;3;AFS;Bactris_gas;1;0;Mar
cecilia_g;4;AFS;Bactris_gas;2;0;Mar
joao;1;AFS;Bactris_gas;3;0;Mar
joao;2;AFS;Bactris_gas;7;0;Mar
joao;3;AFS;Bactris_gas;8;0;Mar
joao;4;AFS;Bactris_gas;2;0;Mar
neinha;1;AFS;Bactris_gas;3;0;Mar
neinha;2;AFS;Bactris_gas;1;0;Mar
neinha;3;AFS;Bactris_gas;12;0;Mar
neinha;4;AFS;Bactris_gas;3;0;Mar
joao;1;AFS;Cecropia_hol;2;1;Mar
joao;3;AFS;Cecropia_hol;1;1;Mar
joao;4;AFS;Cecropia_hol;1;1;Mar
neinha;3;AFS;Cecropia_hol;1;1;Mar
neinha;4;AFS;Cecropia_hol;2;1;Mar
são_joao;2;RES;Ceiba_spe;1;1;Mar
cecilia;1;AFS;Citrus_ret;3;0;Mar
cecilia;2;AFS;Citrus_ret;5;0;Mar
cecilia;3;AFS;Citrus_ret;7;0;Mar
cecilia;1;AFS;Citrus_sin;6;0;Mar
cecilia;4;AFS;Citrus_sin;5;0;Mar
são_joao;3;RES;Clitoria_fai;1;0;Mar
neinha;1;AFS;Cocos_nuc;1;1;Mar
neinha;2;AFS;Cocos_nuc;2;1;Mar
joao;1;AFS;Cupania_ver;3;0;Mar
joao;2;AFS;Cupania_ver;2;0;Mar
joao;3;AFS;Cupania_ver;2;0;Mar
joao;4;AFS;Cupania_ver;2;0;Mar
neinha;3;AFS;Cupania_ver;2;0;Mar
neinha;4;AFS;Cupania_ver;2;0;Mar
ataliba;1;AFS;Euterpe_edu;1;0;Mar
ataliba;2;AFS;Euterpe_edu;4;0;Mar
ataliba;3;AFS;Euterpe_edu;1;0;Mar
ataliba;2;AFS;guarea_gui;4;0;Mar
ataliba;3;AFS;guarea_gui;1;0;Mar
ataliba;4;AFS;guarea_gui;1;0;Mar
poco_12;1;RES;guarea_gui;7;0;Mar
poco_12;2;RES;guarea_gui;3;0;Mar
poco_12;3;RES;guarea_gui;6;0;Mar
poco_12;4;RES;guarea_gui;7;0;Mar
vendaval;4;RES;guarea_gui;3;0;Mar
angela;1;AFS;Inga_edu;7;1;Mar
angela;2;AFS;Inga_edu;5;1;Mar
angela;3;AFS;Inga_edu;1;1;Mar
angela;4;AFS;Inga_edu;1;1;Mar
cecilia;1;AFS;Inga_edu;5;1;Mar
cecilia;2;AFS;Inga_edu;4;1;Mar
cecilia;3;AFS;Inga_edu;2;1;Mar
cecilia;4;AFS;Inga_edu;4;1;Mar
cecilia;5;AFS;Inga_edu;3;1;Mar
cecilia;6;AFS;Inga_edu;4;1;Mar
mico;2;RES;Inga_edu;2;1;Mar
mico;4;RES;Inga_edu;1;1;Mar
vendaval;1;RES;Inga_edu;1;1;Mar
vendaval;2;RES;Inga_edu;4;1;Mar
vendaval;3;RES;Inga_edu;1;1;Mar
vendaval;4;RES;Inga_edu;1;1;Mar
ataliba;1;AFS;Inga_lau;2;1;Mar
ataliba;2;AFS;Inga_lau;1;1;Mar
ataliba;3;AFS;Inga_lau;1;1;Mar
ataliba;4;AFS;Inga_lau;1;1;Mar
cecilia;3;AFS;Inga_lau;3;1;Mar
cecilia;4;AFS;Inga_lau;1;1;Mar
cecilia;5;AFS;Inga_lau;1;1;Mar
gaucho;2;AFS;Inga_lau;1;1;Mar
gaucho;3;AFS;Inga_lau;1;1;Mar
gaucho;4;AFS;Inga_lau;5;1;Mar
graca;4;AFS;Inga_lau;1;1;Mar
vendaval;1;RES;Inga_lau;2;1;Mar
vendaval;2;RES;Inga_lau;4;1;Mar
vendaval;3;RES;Inga_lau;2;1;Mar
vendaval;4;RES;Inga_lau;1;1;Mar
cecilia;1;AFS;Inga_ver;4;1;Mar
cecilia;2;AFS;Inga_ver;2;1;Mar
cecilia;3;AFS;Inga_ver;3;1;Mar
cecilia;4;AFS;Inga_ver;3;1;Mar
cecilia;5;AFS;Inga_ver;2;1;Mar
cecilia;6;AFS;Inga_ver;2;1;Mar
cecilia_g;1;AFS;Inga_ver;1;1;Mar
cecilia_g;2;AFS;Inga_ver;4;1;Mar
cecilia_g;3;AFS;Inga_ver;3;1;Mar
joao;1;AFS;Luehea_div;1;1;Mar
joao;2;AFS;Luehea_div;2;1;Mar
poco_13;3;RES;Luehea_div;1;1;Mar
poco_13;4;RES;Luehea_div;2;1;Mar
ataliba;1;AFS;Mangifera_ind;3;0;Mar
ataliba;2;AFS;Mangifera_ind;2;0;Mar
ataliba;4;AFS;Mangifera_ind;1;0;Mar
neinha;1;AFS;Mangifera_ind;1;0;Mar
neinha;2;AFS;Miconia_pra;6;0;Mar
neinha;3;AFS;Miconia_pra;6;0;Mar
neinha;4;AFS;Miconia_pra;4;0;Mar
angela;1;AFS;Musa_par;3;1;Mar
angela;2;AFS;Musa_par;4;1;Mar
angela;4;AFS;Musa_par;6;1;Mar
ataliba;1;AFS;Musa_par;1;1;Mar
ataliba;3;AFS;Musa_par;4;1;Mar
cecilia;1;AFS;Musa_par;1;1;Mar
cecilia;2;AFS;Musa_par;4;1;Mar
cecilia;3;AFS;Musa_par;3;1;Mar
cecilia;4;AFS;Musa_par;4;1;Mar
cecilia;5;AFS;Musa_par;3;1;Mar
cecilia;6;AFS;Musa_par;8;1;Mar
cecilia_g;1;AFS;Musa_par;3;1;Mar
cecilia_g;3;AFS;Musa_par;3;1;Mar
cecilia_g;4;AFS;Musa_par;1;1;Mar
graca;2;AFS;Musa_par;2;1;Mar
graca;3;AFS;Musa_par;2;1;Mar
bom_retiro;1;RES;Myrciaria_ten;1;0;Mar
bom_retiro;2;RES;Myrciaria_ten;2;0;Mar
bom_retiro;3;RES;Myrciaria_ten;1;0;Mar
bom_retiro;4;RES;Myrciaria_ten;1;0;Mar
bom_retiro;1;RES;Ocotea_lax ;8;0;Mar
poco_12;2;RES;Ocotea_mac;1;0;Mar
poco_12;3;RES;Ocotea_mac;1;0;Mar
poco_12;4;RES;Ocotea_mac;2;0;Mar
gaucho;1;AFS;Persea_ame;5;1;Mar
gaucho;2;AFS;Persea_ame;8;1;Mar
b_esperanca;1;RES;Piptadenia_gon;2;0;Mar
gaucho;1;AFS;Piptadenia_gon;5;0;Mar
gaucho;2;AFS;Piptadenia_gon;7;0;Mar
gaucho;3;AFS;Piptadenia_gon;12;0;Mar
gaucho;4;AFS;Piptadenia_gon;9;0;Mar
mico;2;RES;Piptadenia_gon;1;0;Mar
são_joao;1;RES;Piptadenia_mac;2;0;Mar
bom_retiro;2;RES;Piptadenia_pan;5;0;Mar
bom_retiro;3;RES;Piptadenia_pan;3;0;Mar
bom_retiro;4;RES;Piptadenia_pan;3;0;Mar
b_esperanca;1;RES;Plathymenia_fol;1;0;Mar
b_esperanca;2;RES;Plathymenia_fol;1;0;Mar
poco_13;4;RES;Plathymenia_fol;1;0;Mar
cecilia_g;1;AFS;Psidium_gua;4;0;Mar
cecilia_g;2;AFS;Psidium_gua;3;0;Mar
cecilia_g;3;AFS;Psidium_gua;4;0;Mar
graca;1;AFS;Psidium_gua;2;0;Mar
graca;4;AFS;Psidium_gua;1;0;Mar
ataliba;2;AFS;Rapanea_fer;2;0;Mar
ataliba;4;AFS;Rapanea_fer;2;0;Mar
b_esperanca;1;RES;Rapanea_fer;3;0;Mar
b_esperanca;2;RES;Rapanea_fer;7;0;Mar
b_esperanca;3;RES;Rapanea_fer;4;0;Mar
b_esperanca;4;RES;Rapanea_fer;6;0;Mar
joao;1;AFS;Rapanea_fer;2;0;Mar
joao;2;AFS;Rapanea_fer;1;0;Mar
joao;3;AFS;Rapanea_fer;1;0;Mar
joao;4;AFS;Rapanea_fer;5;0;Mar
neinha;1;AFS;Rapanea_fer;1;0;Mar
neinha;2;AFS;Rapanea_fer;1;0;Mar
neinha;3;AFS;Rapanea_fer;1;0;Mar
neinha;4;AFS;Rapanea_fer;5;0;Mar
poco_16;3;RES;Rapanea_fer;4;0;Mar
poco_16;4;RES;Rapanea_fer;9;0;Mar
mico;1;RES;Schinus_ter;3;1;Mar
mico;2;RES;Schinus_ter;3;1;Mar
mico;4;RES;Schinus_ter;2;1;Mar
poco_13;3;RES;Schinus_ter;2;1;Mar
poco_13;4;RES;Schinus_ter;2;1;Mar
poco_16;1;RES;Schinus_ter;4;1;Mar
vendaval;3;RES;Schinus_ter;5;1;Mar
vendaval;4;RES;Schinus_ter;2;1;Mar
neinha;1;AFS;Sparattosperma_leu;1;1;Mar
neinha;3;AFS;Sparattosperma_leu;1;1;Mar
neinha;4;AFS;Sparattosperma_leu;1;1;Mar
são_joao;1;RES;Tecoma_sta;3;1;Mar
graca;1;AFS;Theobroma_cac;2;0;Mar
graca;2;AFS;Theobroma_cac;5;0;Mar
graca;3;AFS;Theobroma_cac;1;0;Mar
cecilia;1;AFS;Tibouchina_gra;1;1;Mar
cecilia;5;AFS;Tibouchina_gra;1;1;Mar
graca;1;AFS;Vachellia_far;1;0;Mar
graca;2;AFS;Vachellia_far;1;0;Mar
graca;3;AFS;Vachellia_far;2;0;Mar
graca;4;AFS;Vachellia_far;3;0;Mar
mico;1;RES;Vitex_meg;7;0;Mar
mico;2;RES;Vitex_meg;4;0;Mar
mico;3;RES;Vitex_meg;2;0;Mar
mico;4;RES;Vitex_meg;1;0;Mar
poco_12;2;RES;Vitex_meg;1;0;Mar
poco_13;3;RES;Vitex_meg;1;0;Mar
poco_13;4;RES;Vitex_meg;3;0;Mar
graca;4;AFS;Vochysia_div;3;0;Mar
poco_16;2;RES;Vochysia_div;5;0;Mar
angela;1;AFS;Annona_muc;9;1;Nov
angela;4;AFS;Annona_muc;1;1;Nov
gaucho;1;AFS;Annona_muc;4;1;Nov
gaucho;3;AFS;Annona_muc;1;1;Nov
ataliba;1;AFS;Artocarpus_het;1;1;Nov
ataliba;2;AFS;Artocarpus_het;2;1;Nov
ataliba;3;AFS;Artocarpus_het;3;1;Nov
ataliba;4;AFS;Artocarpus_het;2;1;Nov
cecilia_g;1;AFS;Artocarpus_het;1;1;Nov
cecilia_g;3;AFS;Artocarpus_het;1;1;Nov
angela;1;AFS;Bactris_gas;9;1;Nov
angela;2;AFS;Bactris_gas;9;1;Nov
angela;3;AFS;Bactris_gas;5;1;Nov
angela;4;AFS;Bactris_gas;2;1;Nov
ataliba;1;AFS;Bactris_gas;4;1;Nov
ataliba;3;AFS;Bactris_gas;1;1;Nov
ataliba;4;AFS;Bactris_gas;3;1;Nov
cecilia_g;2;AFS;Bactris_gas;2;1;Nov
cecilia_g;3;AFS;Bactris_gas;1;1;Nov
cecilia_g;4;AFS;Bactris_gas;2;1;Nov
joao;1;AFS;Bactris_gas;3;1;Nov
joao;2;AFS;Bactris_gas;7;1;Nov
joao;3;AFS;Bactris_gas;8;1;Nov
joao;4;AFS;Bactris_gas;2;1;Nov
neinha;1;AFS;Bactris_gas;3;1;Nov
neinha;2;AFS;Bactris_gas;1;1;Nov
neinha;3;AFS;Bactris_gas;12;1;Nov
neinha;4;AFS;Bactris_gas;3;1;Nov
joao;1;AFS;Cecropia_hol;2;0;Nov
joao;3;AFS;Cecropia_hol;1;0;Nov
joao;4;AFS;Cecropia_hol;1;0;Nov
neinha;3;AFS;Cecropia_hol;1;0;Nov
neinha;4;AFS;Cecropia_hol;2;0;Nov
são_joao;2;RES;Ceiba_spe;1;0;Nov
cecilia;1;AFS;Citrus_ret;3;0;Nov
cecilia;2;AFS;Citrus_ret;5;0;Nov
cecilia;3;AFS;Citrus_ret;7;0;Nov
cecilia;1;AFS;Citrus_sin;6;1;Nov
cecilia;4;AFS;Citrus_sin;5;1;Nov
são_joao;3;RES;Clitoria_fai;1;0;Nov
neinha;1;AFS;Cocos_nuc;1;0;Nov
neinha;2;AFS;Cocos_nuc;2;0;Nov
joao;1;AFS;Cupania_ver;3;1;Nov
joao;2;AFS;Cupania_ver;2;1;Nov
joao;3;AFS;Cupania_ver;2;1;Nov
joao;4;AFS;Cupania_ver;2;1;Nov
neinha;3;AFS;Cupania_ver;2;1;Nov
neinha;4;AFS;Cupania_ver;2;1;Nov
ataliba;1;AFS;Euterpe_edu;1;1;Nov
ataliba;2;AFS;Euterpe_edu;4;1;Nov
ataliba;3;AFS;Euterpe_edu;1;1;Nov
ataliba;2;AFS;guarea_gui;4;0;Nov
ataliba;3;AFS;guarea_gui;1;0;Nov
ataliba;4;AFS;guarea_gui;1;0;Nov
poco_12;1;RES;guarea_gui;7;0;Nov
poco_12;2;RES;guarea_gui;3;0;Nov
poco_12;3;RES;guarea_gui;6;0;Nov
poco_12;4;RES;guarea_gui;7;0;Nov
vendaval;4;RES;guarea_gui;3;0;Nov
angela;1;AFS;Inga_edu;7;0;Nov
angela;2;AFS;Inga_edu;5;0;Nov
angela;3;AFS;Inga_edu;1;0;Nov
angela;4;AFS;Inga_edu;1;0;Nov
cecilia;1;AFS;Inga_edu;5;0;Nov
cecilia;2;AFS;Inga_edu;4;0;Nov
cecilia;3;AFS;Inga_edu;2;0;Nov
cecilia;4;AFS;Inga_edu;4;0;Nov
cecilia;5;AFS;Inga_edu;3;0;Nov
cecilia;6;AFS;Inga_edu;4;0;Nov
mico;2;RES;Inga_edu;2;0;Nov
mico;4;RES;Inga_edu;1;0;Nov
vendaval;1;RES;Inga_edu;1;0;Nov
vendaval;2;RES;Inga_edu;4;0;Nov
vendaval;3;RES;Inga_edu;1;0;Nov
vendaval;4;RES;Inga_edu;1;0;Nov
ataliba;1;AFS;Inga_lau;2;0;Nov
ataliba;2;AFS;Inga_lau;1;0;Nov
ataliba;3;AFS;Inga_lau;1;0;Nov
ataliba;4;AFS;Inga_lau;1;0;Nov
cecilia;3;AFS;Inga_lau;3;0;Nov
cecilia;4;AFS;Inga_lau;1;0;Nov
cecilia;5;AFS;Inga_lau;1;0;Nov
gaucho;2;AFS;Inga_lau;1;0;Nov
gaucho;3;AFS;Inga_lau;1;0;Nov
gaucho;4;AFS;Inga_lau;5;0;Nov
graca;4;AFS;Inga_lau;1;0;Nov
vendaval;1;RES;Inga_lau;2;0;Nov
vendaval;2;RES;Inga_lau;4;0;Nov
vendaval;3;RES;Inga_lau;2;0;Nov
vendaval;4;RES;Inga_lau;1;0;Nov
cecilia;1;AFS;Inga_ver;4;1;Nov
cecilia;2;AFS;Inga_ver;2;1;Nov
cecilia;3;AFS;Inga_ver;3;1;Nov
cecilia;4;AFS;Inga_ver;3;1;Nov
cecilia;5;AFS;Inga_ver;2;1;Nov
cecilia;6;AFS;Inga_ver;2;1;Nov
cecilia_g;1;AFS;Inga_ver;1;1;Nov
cecilia_g;2;AFS;Inga_ver;4;1;Nov
cecilia_g;3;AFS;Inga_ver;3;1;Nov
joao;1;AFS;Luehea_div;1;0;Nov
joao;2;AFS;Luehea_div;2;0;Nov
poco_13;3;RES;Luehea_div;1;0;Nov
poco_13;4;RES;Luehea_div;2;0;Nov
ataliba;1;AFS;Mangifera_ind;3;0;Nov
ataliba;2;AFS;Mangifera_ind;2;0;Nov
ataliba;4;AFS;Mangifera_ind;1;0;Nov
neinha;1;AFS;Mangifera_ind;1;0;Nov
neinha;2;AFS;Miconia_pra;6;1;Nov
neinha;3;AFS;Miconia_pra;6;1;Nov
neinha;4;AFS;Miconia_pra;4;1;Nov
angela;1;AFS;Musa_par;3;1;Nov
angela;2;AFS;Musa_par;4;1;Nov
angela;4;AFS;Musa_par;6;1;Nov
ataliba;1;AFS;Musa_par;1;1;Nov
ataliba;3;AFS;Musa_par;4;1;Nov
cecilia;1;AFS;Musa_par;1;1;Nov
cecilia;2;AFS;Musa_par;4;1;Nov
cecilia;3;AFS;Musa_par;3;1;Nov
cecilia;4;AFS;Musa_par;4;1;Nov
cecilia;5;AFS;Musa_par;3;1;Nov
cecilia;6;AFS;Musa_par;8;1;Nov
cecilia_g;1;AFS;Musa_par;3;1;Nov
cecilia_g;3;AFS;Musa_par;3;1;Nov
cecilia_g;4;AFS;Musa_par;1;1;Nov
graca;2;AFS;Musa_par;2;1;Nov
graca;3;AFS;Musa_par;2;1;Nov
bom_retiro;1;RES;Myrciaria_ten;1;1;Nov
bom_retiro;2;RES;Myrciaria_ten;2;1;Nov
bom_retiro;3;RES;Myrciaria_ten;1;1;Nov
bom_retiro;4;RES;Myrciaria_ten;1;1;Nov
bom_retiro;1;RES;Ocotea_lax ;8;0;Nov
poco_12;2;RES;Ocotea_mac;1;1;Nov
poco_12;3;RES;Ocotea_mac;1;1;Nov
poco_12;4;RES;Ocotea_mac;2;1;Nov
gaucho;1;AFS;Persea_ame;5;0;Nov
gaucho;2;AFS;Persea_ame;8;0;Nov
b_esperanca;1;RES;Piptadenia_gon;2;0;Nov
gaucho;1;AFS;Piptadenia_gon;5;0;Nov
gaucho;2;AFS;Piptadenia_gon;7;0;Nov
gaucho;3;AFS;Piptadenia_gon;12;0;Nov
gaucho;4;AFS;Piptadenia_gon;9;0;Nov
mico;2;RES;Piptadenia_gon;1;0;Nov
são_joao;1;RES;Piptadenia_mac;2;0;Nov
bom_retiro;2;RES;Piptadenia_pan;5;0;Nov
bom_retiro;3;RES;Piptadenia_pan;3;0;Nov
bom_retiro;4;RES;Piptadenia_pan;3;0;Nov
b_esperanca;1;RES;Plathymenia_fol;1;1;Nov
b_esperanca;2;RES;Plathymenia_fol;1;1;Nov
poco_13;4;RES;Plathymenia_fol;1;1;Nov
cecilia_g;1;AFS;Psidium_gua;4;1;Nov
cecilia_g;2;AFS;Psidium_gua;3;1;Nov
cecilia_g;3;AFS;Psidium_gua;4;1;Nov
graca;1;AFS;Psidium_gua;2;1;Nov
graca;4;AFS;Psidium_gua;1;1;Nov
ataliba;2;AFS;Rapanea_fer;2;0;Nov
ataliba;4;AFS;Rapanea_fer;2;0;Nov
b_esperanca;1;RES;Rapanea_fer;3;0;Nov
b_esperanca;2;RES;Rapanea_fer;7;0;Nov
b_esperanca;3;RES;Rapanea_fer;4;0;Nov
b_esperanca;4;RES;Rapanea_fer;6;0;Nov
joao;1;AFS;Rapanea_fer;2;0;Nov
joao;2;AFS;Rapanea_fer;1;0;Nov
joao;3;AFS;Rapanea_fer;1;0;Nov
joao;4;AFS;Rapanea_fer;5;0;Nov
neinha;1;AFS;Rapanea_fer;1;0;Nov
neinha;2;AFS;Rapanea_fer;1;0;Nov
neinha;3;AFS;Rapanea_fer;1;0;Nov
neinha;4;AFS;Rapanea_fer;5;0;Nov
poco_16;3;RES;Rapanea_fer;4;0;Nov
poco_16;4;RES;Rapanea_fer;9;0;Nov
mico;1;RES;Schinus_ter;3;0;Nov
mico;2;RES;Schinus_ter;3;0;Nov
mico;4;RES;Schinus_ter;2;0;Nov
poco_13;3;RES;Schinus_ter;2;0;Nov
poco_13;4;RES;Schinus_ter;2;0;Nov
poco_16;1;RES;Schinus_ter;4;0;Nov
vendaval;3;RES;Schinus_ter;5;0;Nov
vendaval;4;RES;Schinus_ter;2;0;Nov
neinha;1;AFS;Sparattosperma_leu;1;0;Nov
neinha;3;AFS;Sparattosperma_leu;1;0;Nov
neinha;4;AFS;Sparattosperma_leu;1;0;Nov
são_joao;1;RES;Tecoma_sta;3;1;Nov
graca;1;AFS;Theobroma_cac;2;0;Nov
graca;2;AFS;Theobroma_cac;5;0;Nov
graca;3;AFS;Theobroma_cac;1;0;Nov
cecilia;1;AFS;Tibouchina_gra;1;0;Nov
cecilia;5;AFS;Tibouchina_gra;1;0;Nov
graca;1;AFS;Vachellia_far;1;0;Nov
graca;2;AFS;Vachellia_far;1;0;Nov
graca;3;AFS;Vachellia_far;2;0;Nov
graca;4;AFS;Vachellia_far;3;0;Nov
mico;1;RES;Vitex_meg;7;1;Nov
mico;2;RES;Vitex_meg;4;1;Nov
mico;3;RES;Vitex_meg;2;1;Nov
mico;4;RES;Vitex_meg;1;1;Nov
poco_12;2;RES;Vitex_meg;1;1;Nov
poco_13;3;RES;Vitex_meg;1;1;Nov
poco_13;4;RES;Vitex_meg;3;1;Nov
graca;4;AFS;Vochysia_div;3;0;Nov
poco_16;2;RES;Vochysia_div;5;0;Nov
angela;1;AFS;Annona_muc;9;1;Oct
angela;4;AFS;Annona_muc;1;1;Oct
gaucho;1;AFS;Annona_muc;4;1;Oct
gaucho;3;AFS;Annona_muc;1;1;Oct
ataliba;1;AFS;Artocarpus_het;1;1;Oct
ataliba;2;AFS;Artocarpus_het;2;1;Oct
ataliba;3;AFS;Artocarpus_het;3;1;Oct
ataliba;4;AFS;Artocarpus_het;2;1;Oct
cecilia_g;1;AFS;Artocarpus_het;1;1;Oct
cecilia_g;3;AFS;Artocarpus_het;1;1;Oct
angela;1;AFS;Bactris_gas;9;1;Oct
angela;2;AFS;Bactris_gas;9;1;Oct
angela;3;AFS;Bactris_gas;5;1;Oct
angela;4;AFS;Bactris_gas;2;1;Oct
ataliba;1;AFS;Bactris_gas;4;1;Oct
ataliba;3;AFS;Bactris_gas;1;1;Oct
ataliba;4;AFS;Bactris_gas;3;1;Oct
cecilia_g;2;AFS;Bactris_gas;2;1;Oct
cecilia_g;3;AFS;Bactris_gas;1;1;Oct
cecilia_g;4;AFS;Bactris_gas;2;1;Oct
joao;1;AFS;Bactris_gas;3;1;Oct
joao;2;AFS;Bactris_gas;7;1;Oct
joao;3;AFS;Bactris_gas;8;1;Oct
joao;4;AFS;Bactris_gas;2;1;Oct
neinha;1;AFS;Bactris_gas;3;1;Oct
neinha;2;AFS;Bactris_gas;1;1;Oct
neinha;3;AFS;Bactris_gas;12;1;Oct
neinha;4;AFS;Bactris_gas;3;1;Oct
joao;1;AFS;Cecropia_hol;2;1;Oct
joao;3;AFS;Cecropia_hol;1;1;Oct
joao;4;AFS;Cecropia_hol;1;1;Oct
neinha;3;AFS;Cecropia_hol;1;1;Oct
neinha;4;AFS;Cecropia_hol;2;1;Oct
são_joao;2;RES;Ceiba_spe;1;0;Oct
cecilia;1;AFS;Citrus_ret;3;0;Oct
cecilia;2;AFS;Citrus_ret;5;0;Oct
cecilia;3;AFS;Citrus_ret;7;0;Oct
cecilia;1;AFS;Citrus_sin;6;1;Oct
cecilia;4;AFS;Citrus_sin;5;1;Oct
são_joao;3;RES;Clitoria_fai;1;0;Oct
neinha;1;AFS;Cocos_nuc;1;0;Oct
neinha;2;AFS;Cocos_nuc;2;0;Oct
joao;1;AFS;Cupania_ver;3;1;Oct
joao;2;AFS;Cupania_ver;2;1;Oct
joao;3;AFS;Cupania_ver;2;1;Oct
joao;4;AFS;Cupania_ver;2;1;Oct
neinha;3;AFS;Cupania_ver;2;1;Oct
neinha;4;AFS;Cupania_ver;2;1;Oct
ataliba;1;AFS;Euterpe_edu;1;1;Oct
ataliba;2;AFS;Euterpe_edu;4;1;Oct
ataliba;3;AFS;Euterpe_edu;1;1;Oct
ataliba;2;AFS;guarea_gui;4;0;Oct
ataliba;3;AFS;guarea_gui;1;0;Oct
ataliba;4;AFS;guarea_gui;1;0;Oct
poco_12;1;RES;guarea_gui;7;0;Oct
poco_12;2;RES;guarea_gui;3;0;Oct
poco_12;3;RES;guarea_gui;6;0;Oct
poco_12;4;RES;guarea_gui;7;0;Oct
vendaval;4;RES;guarea_gui;3;0;Oct
angela;1;AFS;Inga_edu;7;0;Oct
angela;2;AFS;Inga_edu;5;0;Oct
angela;3;AFS;Inga_edu;1;0;Oct
angela;4;AFS;Inga_edu;1;0;Oct
cecilia;1;AFS;Inga_edu;5;0;Oct
cecilia;2;AFS;Inga_edu;4;0;Oct
cecilia;3;AFS;Inga_edu;2;0;Oct
cecilia;4;AFS;Inga_edu;4;0;Oct
cecilia;5;AFS;Inga_edu;3;0;Oct
cecilia;6;AFS;Inga_edu;4;0;Oct
mico;2;RES;Inga_edu;2;0;Oct
mico;4;RES;Inga_edu;1;0;Oct
vendaval;1;RES;Inga_edu;1;0;Oct
vendaval;2;RES;Inga_edu;4;0;Oct
vendaval;3;RES;Inga_edu;1;0;Oct
vendaval;4;RES;Inga_edu;1;0;Oct
ataliba;1;AFS;Inga_lau;2;0;Oct
ataliba;2;AFS;Inga_lau;1;0;Oct
ataliba;3;AFS;Inga_lau;1;0;Oct
ataliba;4;AFS;Inga_lau;1;0;Oct
cecilia;3;AFS;Inga_lau;3;0;Oct
cecilia;4;AFS;Inga_lau;1;0;Oct
cecilia;5;AFS;Inga_lau;1;0;Oct
gaucho;2;AFS;Inga_lau;1;0;Oct
gaucho;3;AFS;Inga_lau;1;0;Oct
gaucho;4;AFS;Inga_lau;5;0;Oct
graca;4;AFS;Inga_lau;1;0;Oct
vendaval;1;RES;Inga_lau;2;0;Oct
vendaval;2;RES;Inga_lau;4;0;Oct
vendaval;3;RES;Inga_lau;2;0;Oct
vendaval;4;RES;Inga_lau;1;0;Oct
cecilia;1;AFS;Inga_ver;4;1;Oct
cecilia;2;AFS;Inga_ver;2;1;Oct
cecilia;3;AFS;Inga_ver;3;1;Oct
cecilia;4;AFS;Inga_ver;3;1;Oct
cecilia;5;AFS;Inga_ver;2;1;Oct
cecilia;6;AFS;Inga_ver;2;1;Oct
cecilia_g;1;AFS;Inga_ver;1;1;Oct
cecilia_g;2;AFS;Inga_ver;4;1;Oct
cecilia_g;3;AFS;Inga_ver;3;1;Oct
joao;1;AFS;Luehea_div;1;0;Oct
joao;2;AFS;Luehea_div;2;0;Oct
poco_13;3;RES;Luehea_div;1;0;Oct
poco_13;4;RES;Luehea_div;2;0;Oct
ataliba;1;AFS;Mangifera_ind;3;0;Oct
ataliba;2;AFS;Mangifera_ind;2;0;Oct
ataliba;4;AFS;Mangifera_ind;1;0;Oct
neinha;1;AFS;Mangifera_ind;1;0;Oct
neinha;2;AFS;Miconia_pra;6;1;Oct
neinha;3;AFS;Miconia_pra;6;1;Oct
neinha;4;AFS;Miconia_pra;4;1;Oct
angela;1;AFS;Musa_par;3;1;Oct
angela;2;AFS;Musa_par;4;1;Oct
angela;4;AFS;Musa_par;6;1;Oct
ataliba;1;AFS;Musa_par;1;1;Oct
ataliba;3;AFS;Musa_par;4;1;Oct
cecilia;1;AFS;Musa_par;1;1;Oct
cecilia;2;AFS;Musa_par;4;1;Oct
cecilia;3;AFS;Musa_par;3;1;Oct
cecilia;4;AFS;Musa_par;4;1;Oct
cecilia;5;AFS;Musa_par;3;1;Oct
cecilia;6;AFS;Musa_par;8;1;Oct
cecilia_g;1;AFS;Musa_par;3;1;Oct
cecilia_g;3;AFS;Musa_par;3;1;Oct
cecilia_g;4;AFS;Musa_par;1;1;Oct
graca;2;AFS;Musa_par;2;1;Oct
graca;3;AFS;Musa_par;2;1;Oct
bom_retiro;1;RES;Myrciaria_ten;1;0;Oct
bom_retiro;2;RES;Myrciaria_ten;2;0;Oct
bom_retiro;3;RES;Myrciaria_ten;1;0;Oct
bom_retiro;4;RES;Myrciaria_ten;1;0;Oct
bom_retiro;1;RES;Ocotea_lax ;8;0;Oct
poco_12;2;RES;Ocotea_mac;1;1;Oct
poco_12;3;RES;Ocotea_mac;1;1;Oct
poco_12;4;RES;Ocotea_mac;2;1;Oct
gaucho;1;AFS;Persea_ame;5;0;Oct
gaucho;2;AFS;Persea_ame;8;0;Oct
b_esperanca;1;RES;Piptadenia_gon;2;0;Oct
gaucho;1;AFS;Piptadenia_gon;5;0;Oct
gaucho;2;AFS;Piptadenia_gon;7;0;Oct
gaucho;3;AFS;Piptadenia_gon;12;0;Oct
gaucho;4;AFS;Piptadenia_gon;9;0;Oct
mico;2;RES;Piptadenia_gon;1;0;Oct
são_joao;1;RES;Piptadenia_mac;2;1;Oct
bom_retiro;2;RES;Piptadenia_pan;5;0;Oct
bom_retiro;3;RES;Piptadenia_pan;3;0;Oct
bom_retiro;4;RES;Piptadenia_pan;3;0;Oct
b_esperanca;1;RES;Plathymenia_fol;1;1;Oct
b_esperanca;2;RES;Plathymenia_fol;1;1;Oct
poco_13;4;RES;Plathymenia_fol;1;1;Oct
cecilia_g;1;AFS;Psidium_gua;4;1;Oct
cecilia_g;2;AFS;Psidium_gua;3;1;Oct
cecilia_g;3;AFS;Psidium_gua;4;1;Oct
graca;1;AFS;Psidium_gua;2;1;Oct
graca;4;AFS;Psidium_gua;1;1;Oct
ataliba;2;AFS;Rapanea_fer;2;0;Oct
ataliba;4;AFS;Rapanea_fer;2;0;Oct
b_esperanca;1;RES;Rapanea_fer;3;0;Oct
b_esperanca;2;RES;Rapanea_fer;7;0;Oct
b_esperanca;3;RES;Rapanea_fer;4;0;Oct
b_esperanca;4;RES;Rapanea_fer;6;0;Oct
joao;1;AFS;Rapanea_fer;2;0;Oct
joao;2;AFS;Rapanea_fer;1;0;Oct
joao;3;AFS;Rapanea_fer;1;0;Oct
joao;4;AFS;Rapanea_fer;5;0;Oct
neinha;1;AFS;Rapanea_fer;1;0;Oct
neinha;2;AFS;Rapanea_fer;1;0;Oct
neinha;3;AFS;Rapanea_fer;1;0;Oct
neinha;4;AFS;Rapanea_fer;5;0;Oct
poco_16;3;RES;Rapanea_fer;4;0;Oct
poco_16;4;RES;Rapanea_fer;9;0;Oct
mico;1;RES;Schinus_ter;3;0;Oct
mico;2;RES;Schinus_ter;3;0;Oct
mico;4;RES;Schinus_ter;2;0;Oct
poco_13;3;RES;Schinus_ter;2;0;Oct
poco_13;4;RES;Schinus_ter;2;0;Oct
poco_16;1;RES;Schinus_ter;4;0;Oct
vendaval;3;RES;Schinus_ter;5;0;Oct
vendaval;4;RES;Schinus_ter;2;0;Oct
neinha;1;AFS;Sparattosperma_leu;1;0;Oct
neinha;3;AFS;Sparattosperma_leu;1;0;Oct
neinha;4;AFS;Sparattosperma_leu;1;0;Oct
são_joao;1;RES;Tecoma_sta;3;1;Oct
graca;1;AFS;Theobroma_cac;2;0;Oct
graca;2;AFS;Theobroma_cac;5;0;Oct
graca;3;AFS;Theobroma_cac;1;0;Oct
cecilia;1;AFS;Tibouchina_gra;1;0;Oct
cecilia;5;AFS;Tibouchina_gra;1;0;Oct
graca;1;AFS;Vachellia_far;1;0;Oct
graca;2;AFS;Vachellia_far;1;0;Oct
graca;3;AFS;Vachellia_far;2;0;Oct
graca;4;AFS;Vachellia_far;3;0;Oct
mico;1;RES;Vitex_meg;7;1;Oct
mico;2;RES;Vitex_meg;4;1;Oct
mico;3;RES;Vitex_meg;2;1;Oct
mico;4;RES;Vitex_meg;1;1;Oct
poco_12;2;RES;Vitex_meg;1;1;Oct
poco_13;3;RES;Vitex_meg;1;1;Oct
poco_13;4;RES;Vitex_meg;3;1;Oct
graca;4;AFS;Vochysia_div;3;0;Oct
poco_16;2;RES;Vochysia_div;5;0;Oct
angela;1;AFS;Annona_muc;9;1;Sep
angela;4;AFS;Annona_muc;1;1;Sep
gaucho;1;AFS;Annona_muc;4;1;Sep
gaucho;3;AFS;Annona_muc;1;1;Sep
ataliba;1;AFS;Artocarpus_het;1;0;Sep
ataliba;2;AFS;Artocarpus_het;2;0;Sep
ataliba;3;AFS;Artocarpus_het;3;0;Sep
ataliba;4;AFS;Artocarpus_het;2;0;Sep
cecilia_g;1;AFS;Artocarpus_het;1;0;Sep
cecilia_g;3;AFS;Artocarpus_het;1;0;Sep
angela;1;AFS;Bactris_gas;9;1;Sep
angela;2;AFS;Bactris_gas;9;1;Sep
angela;3;AFS;Bactris_gas;5;1;Sep
angela;4;AFS;Bactris_gas;2;1;Sep
ataliba;1;AFS;Bactris_gas;4;1;Sep
ataliba;3;AFS;Bactris_gas;1;1;Sep
ataliba;4;AFS;Bactris_gas;3;1;Sep
cecilia_g;2;AFS;Bactris_gas;2;1;Sep
cecilia_g;3;AFS;Bactris_gas;1;1;Sep
cecilia_g;4;AFS;Bactris_gas;2;1;Sep
joao;1;AFS;Bactris_gas;3;1;Sep
joao;2;AFS;Bactris_gas;7;1;Sep
joao;3;AFS;Bactris_gas;8;1;Sep
joao;4;AFS;Bactris_gas;2;1;Sep
neinha;1;AFS;Bactris_gas;3;1;Sep
neinha;2;AFS;Bactris_gas;1;1;Sep
neinha;3;AFS;Bactris_gas;12;1;Sep
neinha;4;AFS;Bactris_gas;3;1;Sep
joao;1;AFS;Cecropia_hol;2;1;Sep
joao;3;AFS;Cecropia_hol;1;1;Sep
joao;4;AFS;Cecropia_hol;1;1;Sep
neinha;3;AFS;Cecropia_hol;1;1;Sep
neinha;4;AFS;Cecropia_hol;2;1;Sep
são_joao;2;RES;Ceiba_spe;1;0;Sep
cecilia;1;AFS;Citrus_ret;3;0;Sep
cecilia;2;AFS;Citrus_ret;5;0;Sep
cecilia;3;AFS;Citrus_ret;7;0;Sep
cecilia;1;AFS;Citrus_sin;6;1;Sep
cecilia;4;AFS;Citrus_sin;5;1;Sep
são_joao;3;RES;Clitoria_fai;1;0;Sep
neinha;1;AFS;Cocos_nuc;1;0;Sep
neinha;2;AFS;Cocos_nuc;2;0;Sep
joao;1;AFS;Cupania_ver;3;0;Sep
joao;2;AFS;Cupania_ver;2;0;Sep
joao;3;AFS;Cupania_ver;2;0;Sep
joao;4;AFS;Cupania_ver;2;0;Sep
neinha;3;AFS;Cupania_ver;2;0;Sep
neinha;4;AFS;Cupania_ver;2;0;Sep
ataliba;1;AFS;Euterpe_edu;1;1;Sep
ataliba;2;AFS;Euterpe_edu;4;1;Sep
ataliba;3;AFS;Euterpe_edu;1;1;Sep
ataliba;2;AFS;guarea_gui;4;0;Sep
ataliba;3;AFS;guarea_gui;1;0;Sep
ataliba;4;AFS;guarea_gui;1;0;Sep
poco_12;1;RES;guarea_gui;7;0;Sep
poco_12;2;RES;guarea_gui;3;0;Sep
poco_12;3;RES;guarea_gui;6;0;Sep
poco_12;4;RES;guarea_gui;7;0;Sep
vendaval;4;RES;guarea_gui;3;0;Sep
angela;1;AFS;Inga_edu;7;0;Sep
angela;2;AFS;Inga_edu;5;0;Sep
angela;3;AFS;Inga_edu;1;0;Sep
angela;4;AFS;Inga_edu;1;0;Sep
cecilia;1;AFS;Inga_edu;5;0;Sep
cecilia;2;AFS;Inga_edu;4;0;Sep
cecilia;3;AFS;Inga_edu;2;0;Sep
cecilia;4;AFS;Inga_edu;4;0;Sep
cecilia;5;AFS;Inga_edu;3;0;Sep
cecilia;6;AFS;Inga_edu;4;0;Sep
mico;2;RES;Inga_edu;2;0;Sep
mico;4;RES;Inga_edu;1;0;Sep
vendaval;1;RES;Inga_edu;1;0;Sep
vendaval;2;RES;Inga_edu;4;0;Sep
vendaval;3;RES;Inga_edu;1;0;Sep
vendaval;4;RES;Inga_edu;1;0;Sep
ataliba;1;AFS;Inga_lau;2;0;Sep
ataliba;2;AFS;Inga_lau;1;0;Sep
ataliba;3;AFS;Inga_lau;1;0;Sep
ataliba;4;AFS;Inga_lau;1;0;Sep
cecilia;3;AFS;Inga_lau;3;0;Sep
cecilia;4;AFS;Inga_lau;1;0;Sep
cecilia;5;AFS;Inga_lau;1;0;Sep
gaucho;2;AFS;Inga_lau;1;0;Sep
gaucho;3;AFS;Inga_lau;1;0;Sep
gaucho;4;AFS;Inga_lau;5;0;Sep
graca;4;AFS;Inga_lau;1;0;Sep
vendaval;1;RES;Inga_lau;2;0;Sep
vendaval;2;RES;Inga_lau;4;0;Sep
vendaval;3;RES;Inga_lau;2;0;Sep
vendaval;4;RES;Inga_lau;1;0;Sep
cecilia;1;AFS;Inga_ver;4;1;Sep
cecilia;2;AFS;Inga_ver;2;1;Sep
cecilia;3;AFS;Inga_ver;3;1;Sep
cecilia;4;AFS;Inga_ver;3;1;Sep
cecilia;5;AFS;Inga_ver;2;1;Sep
cecilia;6;AFS;Inga_ver;2;1;Sep
cecilia_g;1;AFS;Inga_ver;1;1;Sep
cecilia_g;2;AFS;Inga_ver;4;1;Sep
cecilia_g;3;AFS;Inga_ver;3;1;Sep
joao;1;AFS;Luehea_div;1;0;Sep
joao;2;AFS;Luehea_div;2;0;Sep
poco_13;3;RES;Luehea_div;1;0;Sep
poco_13;4;RES;Luehea_div;2;0;Sep
ataliba;1;AFS;Mangifera_ind;3;0;Sep
ataliba;2;AFS;Mangifera_ind;2;0;Sep
ataliba;4;AFS;Mangifera_ind;1;0;Sep
neinha;1;AFS;Mangifera_ind;1;0;Sep
neinha;2;AFS;Miconia_pra;6;1;Sep
neinha;3;AFS;Miconia_pra;6;1;Sep
neinha;4;AFS;Miconia_pra;4;1;Sep
angela;1;AFS;Musa_par;3;1;Sep
angela;2;AFS;Musa_par;4;1;Sep
angela;4;AFS;Musa_par;6;1;Sep
ataliba;1;AFS;Musa_par;1;1;Sep
ataliba;3;AFS;Musa_par;4;1;Sep
cecilia;1;AFS;Musa_par;1;1;Sep
cecilia;2;AFS;Musa_par;4;1;Sep
cecilia;3;AFS;Musa_par;3;1;Sep
cecilia;4;AFS;Musa_par;4;1;Sep
cecilia;5;AFS;Musa_par;3;1;Sep
cecilia;6;AFS;Musa_par;8;1;Sep
cecilia_g;1;AFS;Musa_par;3;1;Sep
cecilia_g;3;AFS;Musa_par;3;1;Sep
cecilia_g;4;AFS;Musa_par;1;1;Sep
graca;2;AFS;Musa_par;2;1;Sep
graca;3;AFS;Musa_par;2;1;Sep
bom_retiro;1;RES;Myrciaria_ten;1;0;Sep
bom_retiro;2;RES;Myrciaria_ten;2;0;Sep
bom_retiro;3;RES;Myrciaria_ten;1;0;Sep
bom_retiro;4;RES;Myrciaria_ten;1;0;Sep
bom_retiro;1;RES;Ocotea_lax ;8;1;Sep
poco_12;2;RES;Ocotea_mac;1;1;Sep
poco_12;3;RES;Ocotea_mac;1;1;Sep
poco_12;4;RES;Ocotea_mac;2;1;Sep
gaucho;1;AFS;Persea_ame;5;1;Sep
gaucho;2;AFS;Persea_ame;8;1;Sep
b_esperanca;1;RES;Piptadenia_gon;2;0;Sep
gaucho;1;AFS;Piptadenia_gon;5;0;Sep
gaucho;2;AFS;Piptadenia_gon;7;0;Sep
gaucho;3;AFS;Piptadenia_gon;12;0;Sep
gaucho;4;AFS;Piptadenia_gon;9;0;Sep
mico;2;RES;Piptadenia_gon;1;0;Sep
são_joao;1;RES;Piptadenia_mac;2;1;Sep
bom_retiro;2;RES;Piptadenia_pan;5;0;Sep
bom_retiro;3;RES;Piptadenia_pan;3;0;Sep
bom_retiro;4;RES;Piptadenia_pan;3;0;Sep
b_esperanca;1;RES;Plathymenia_fol;1;0;Sep
b_esperanca;2;RES;Plathymenia_fol;1;0;Sep
poco_13;4;RES;Plathymenia_fol;1;0;Sep
cecilia_g;1;AFS;Psidium_gua;4;1;Sep
cecilia_g;2;AFS;Psidium_gua;3;1;Sep
cecilia_g;3;AFS;Psidium_gua;4;1;Sep
graca;1;AFS;Psidium_gua;2;1;Sep
graca;4;AFS;Psidium_gua;1;1;Sep
ataliba;2;AFS;Rapanea_fer;2;0;Sep
ataliba;4;AFS;Rapanea_fer;2;0;Sep
b_esperanca;1;RES;Rapanea_fer;3;0;Sep
b_esperanca;2;RES;Rapanea_fer;7;0;Sep
b_esperanca;3;RES;Rapanea_fer;4;0;Sep
b_esperanca;4;RES;Rapanea_fer;6;0;Sep
joao;1;AFS;Rapanea_fer;2;0;Sep
joao;2;AFS;Rapanea_fer;1;0;Sep
joao;3;AFS;Rapanea_fer;1;0;Sep
joao;4;AFS;Rapanea_fer;5;0;Sep
neinha;1;AFS;Rapanea_fer;1;0;Sep
neinha;2;AFS;Rapanea_fer;1;0;Sep
neinha;3;AFS;Rapanea_fer;1;0;Sep
neinha;4;AFS;Rapanea_fer;5;0;Sep
poco_16;3;RES;Rapanea_fer;4;0;Sep
poco_16;4;RES;Rapanea_fer;9;0;Sep
mico;1;RES;Schinus_ter;3;0;Sep
mico;2;RES;Schinus_ter;3;0;Sep
mico;4;RES;Schinus_ter;2;0;Sep
poco_13;3;RES;Schinus_ter;2;0;Sep
poco_13;4;RES;Schinus_ter;2;0;Sep
poco_16;1;RES;Schinus_ter;4;0;Sep
vendaval;3;RES;Schinus_ter;5;0;Sep
vendaval;4;RES;Schinus_ter;2;0;Sep
neinha;1;AFS;Sparattosperma_leu;1;0;Sep
neinha;3;AFS;Sparattosperma_leu;1;0;Sep
neinha;4;AFS;Sparattosperma_leu;1;0;Sep
são_joao;1;RES;Tecoma_sta;3;1;Sep
graca;1;AFS;Theobroma_cac;2;0;Sep
graca;2;AFS;Theobroma_cac;5;0;Sep
graca;3;AFS;Theobroma_cac;1;0;Sep
cecilia;1;AFS;Tibouchina_gra;1;0;Sep
cecilia;5;AFS;Tibouchina_gra;1;0;Sep
graca;1;AFS;Vachellia_far;1;1;Sep
graca;2;AFS;Vachellia_far;1;1;Sep
graca;3;AFS;Vachellia_far;2;1;Sep
graca;4;AFS;Vachellia_far;3;1;Sep
mico;1;RES;Vitex_meg;7;1;Sep
mico;2;RES;Vitex_meg;4;1;Sep
mico;3;RES;Vitex_meg;2;1;Sep
mico;4;RES;Vitex_meg;1;1;Sep
poco_12;2;RES;Vitex_meg;1;1;Sep
poco_13;3;RES;Vitex_meg;1;1;Sep
poco_13;4;RES;Vitex_meg;3;1;Sep
graca;4;AFS;Vochysia_div;3;1;Sep
poco_16;2;RES;Vochysia_div;5;1;Sep
